,dir_mito,dep_mito,dir_ribo,dep_ribo,global_dep
ACH-001289,0.8699930760398966,-0.4374769075129284,0.8705398545600703,-1.412453591176977,-0.13645591745861665
ACH-001538,0.8517883339746729,-0.3051047997411665,0.8687951708584231,-1.3961851742960965,-0.14468518412756906
ACH-000242,0.8624784136284626,-0.46583914983856495,0.8920283436669619,-1.3380517374987864,-0.13971660158637386
ACH-000233,0.846884751531526,-0.5031313524286141,0.8589083817760939,-1.3602661319161962,-0.15412275451629948
ACH-000461,0.8618484776389986,-0.5967342599112151,0.9124092861236612,-1.4013241041482656,-0.14432240548177747
ACH-001794,0.8414827443991567,-0.21017614399126527,0.8375628019143884,-1.2635851659957265,-0.14076120613632412
ACH-002023,0.8294395735392985,-0.41453442144834907,0.8396848553416053,-1.3692117639725914,-0.14756067387689537
ACH-000528,0.8595569167724929,-0.6000229837951447,0.8834634651026043,-1.4644851307202549,-0.1582008304041396
ACH-001655,0.8743332628173297,-0.33029187861989784,0.8824184412471808,-1.3630150311443276,-0.13842629628823364
ACH-000167,0.891718491744292,-0.47549788169613744,0.9196537428080177,-1.386235718736067,-0.1415917774439841
ACH-000792,0.8519907797709885,-0.3125028115440913,0.8866670140155265,-1.4726047666449733,-0.14724265541908887
ACH-001098,0.8340113959720508,-0.39352831834234814,0.860103758066557,-1.458032338779484,-0.14436312262797543
ACH-000570,0.8559094398748538,-0.40814524138697295,0.858439460815327,-1.5439043612231542,-0.1398503089675558
ACH-002040,0.8965957091535004,-0.3577004115986621,0.8700620017714791,-1.5340428981369636,-0.14818965196963432
ACH-000769,0.8791527282474347,-0.5078510757356143,0.9008075860990986,-1.5099034230131583,-0.14952668047245682
ACH-000421,0.8376438071360105,-0.3296394210770342,0.8952475232785763,-1.2603072453761728,-0.14844819630086037
ACH-000765,0.862834655456087,-0.39229750186218054,0.9012988366294258,-1.3951476942445977,-0.1433404360971259
ACH-001375,0.8636632708084458,-0.29313087243651376,0.8584662562987996,-1.3672134708843637,-0.13968907469358155
ACH-001814,0.8546684000630251,-0.28907417982051103,0.8730645845583583,-1.2692308108265942,-0.13871209537453458
ACH-000800,0.8714820727185302,-0.44640141897045527,0.8903454384410981,-1.3948465198386844,-0.14455230339915398
ACH-000606,0.8613616661194877,-0.5170142047657218,0.8799807965701781,-1.3912083311706926,-0.14355217572164033
ACH-000317,0.8510008355204801,-0.5081462714433909,0.8394697471548407,-1.4360922144356796,-0.1476586776492338
ACH-000123,0.8862449223769457,-0.5776827873143887,0.8985113620293114,-1.4317211661691072,-0.15187317251269794
ACH-002066,0.8622979386937635,-0.3778087634853017,0.8619422259603576,-1.5003829235060966,-0.14952381000619114
ACH-001536,0.8733386105250469,-0.36003200864085444,0.8709790027614235,-1.4287574151756435,-0.14542214106309428
ACH-000313,0.8236634340205611,-0.23061059891040403,0.8217452791568355,-1.298524464851633,-0.13765103003075124
ACH-002019,0.8470307008265439,-0.328806905345186,0.8766856964220585,-1.391874697821751,-0.1400948659210466
ACH-000700,0.8739996195902247,-0.37457550001811385,0.9139537480182507,-1.3929608125072885,-0.1375163215298215
ACH-000823,0.8674240545781311,-0.5193187385103284,0.9014968254795275,-1.3617771899859148,-0.1508921263511639
ACH-002029,0.8715448466088604,-0.5787600557688032,0.8891478291936792,-1.4341968465051138,-0.15810453821620657
ACH-001377,0.8693621984420775,-0.46736471014877284,0.8849997394883551,-1.4687901569351967,-0.1502052629309053
ACH-000754,0.8760689608849613,-0.45923649770517844,0.9105321136426227,-1.355508498261671,-0.1384192868782221
ACH-000138,0.833982206113047,-0.47996093057528905,0.8422944377042225,-1.348920109883241,-0.14426325444385052
ACH-001864,0.8530507169092144,-0.4068139670787052,0.8441515135726566,-1.2668931462117896,-0.1499113257462915
ACH-000383,0.8509697624447669,-0.38287689667467034,0.8982806231438545,-1.3734263282400512,-0.14722746474202444
ACH-001547,0.8743561752873007,-0.23402707373467596,0.8985001972445311,-1.3541195204510723,-0.1424168397116604
ACH-000917,0.8711239476741959,-0.49820230222096473,0.8941905903193872,-1.4128709337950207,-0.15477846111374924
ACH-002471,0.8565290181724133,-0.34077005930633897,0.8839636474607558,-1.4127056484993359,-0.14326853748267246
ACH-000984,0.8617483532839219,-0.31765016418140485,0.9078838266927675,-1.3293205432980328,-0.14061331570885818
ACH-001409,0.8447498115213944,-0.2868327266165185,0.8847913301724587,-1.3252150281333603,-0.14446149773876493
ACH-001707,0.868080355601534,-0.4408348940669366,0.8822822308728628,-1.4570091095192157,-0.13797039036844386
ACH-000633,0.8590512730858828,-0.630923314446844,0.8749395240824407,-1.3968626469210061,-0.14976968519461922
ACH-000520,0.8655781883329702,-0.31162820865098895,0.8891463405557086,-1.3402992182299767,-0.13444674255741051
ACH-000176,0.8476584397298461,-0.1930438455115637,0.8809923260712611,-1.5041971941923082,-0.13943421480645463
ACH-000017,0.876422064018069,-0.3103322638471583,0.8735952839949088,-1.3070002763763746,-0.14745466870544982
ACH-001385,0.8714120798308118,-0.7148032144107477,0.8812022240251283,-1.4421370822821984,-0.15550825572742852
ACH-000587,0.8757783177727321,-0.41398084879991975,0.8931626858006267,-1.3381659677951923,-0.1471713043509847
ACH-000785,0.8416610222476945,-0.32155815284062456,0.8579199261635567,-1.160012399890728,-0.14101218918765962
ACH-000554,0.8684930939304555,-0.448409994505192,0.8750504276112571,-0.8287216877558872,-0.14353651756438537
ACH-001398,0.8761059974802562,-0.4890537026624169,0.8567074305364307,-1.387468806262442,-0.1409370746362552
ACH-001991,0.8733222893135612,-0.7042223404402379,0.8823611286853094,-1.4871444453207532,-0.14703479295012395
ACH-001332,0.8868211866901775,-0.4279108842811346,0.8931738505854069,-1.3242712237732257,-0.13938614851356143
ACH-000585,0.8571489103394248,-0.3188062458328687,0.8918653378091714,-1.3317995376494802,-0.1484681924027592
ACH-000550,0.8532723087420803,-0.25445374365883355,0.8595551949743582,-1.4355805842444764,-0.13875677896715544
ACH-000627,0.8508162802829092,-0.38347218212847745,0.899866022582638,-1.565128094144588,-0.14280977927276065
ACH-000704,0.8815660704611809,-0.3265265033300906,0.8833555388497294,-1.369357153293792,-0.13178845731293787
ACH-000276,0.8260541776337884,-0.35444439488436785,0.8451027532359269,-1.0887458197012887,-0.13768982188496112
ACH-000075,0.8598742387881123,-0.2877238563397693,0.878102135451169,-1.698952579988574,-0.14203824137581159
ACH-001616,0.8724616592771336,-0.6073834458660794,0.9031693102395963,-1.4244553351390692,-0.16117382626269644
ACH-000941,0.8640512134506868,-0.37144355200087514,0.8889304880499587,-1.271512479584294,-0.1418472439147758
ACH-000269,0.8781235503154702,-0.35455593367904137,0.9105209488578425,-1.3321354792777318,-0.13291005873811898
ACH-001670,0.8928813780626595,-0.3973150858536041,0.8993837038801349,-1.3394972855367957,-0.14063050422664133
ACH-000856,0.8552440366373535,-0.6617704132228758,0.8690943870905314,-1.5063492679950663,-0.16132445885912833
ACH-002687,0.8724475351518094,-0.4807979195595224,0.8529642503591339,-1.3852795600053065,-0.14792221182127718
ACH-001119,0.8685731306406265,-0.3295147082068605,0.8866223548764057,-1.3297340404300868,-0.13547638176243862
ACH-000376,0.8626893338999723,-0.6375069594895272,0.8962620300556007,-1.5990748097399237,-0.15678087690632903
ACH-000685,0.8710388890527986,-0.42423085856112647,0.871248446234118,-1.5592646599749016,-0.14626677784300338
ACH-001283,0.8747095922898599,-0.4454480683259674,0.9142931574755678,-1.2778057999254129,-0.14620774842683681
ACH-000880,0.8467378606281531,-0.5033413072140931,0.8832513341917813,-1.541419836861378,-0.1567956743134704
ACH-000035,0.8503790601367592,-0.3272011622292051,0.8765264121591948,-1.3734080498116017,-0.13891313645321376
ACH-000322,0.871828584593153,-0.5122127251022347,0.896057342334631,-1.458934096577351,-0.147272394165647
ACH-000552,0.8640060162496493,-0.46045580855268187,0.8918712923610542,-1.385312439075566,-0.15480923862203222
ACH-002508,0.8511147701314296,-0.2712480703637973,0.8888046981414354,-1.4289243657191617,-0.14758652567747937
ACH-000222,0.8291373172573587,-0.27420918444934095,0.8473878125209339,-1.099599414084351,-0.14219496511323532
ACH-000260,0.8608475479576829,-0.38489602484943064,0.8910227687177616,-1.5987747016916567,-0.1549017816850874
ACH-001652,0.8598092678116207,-0.39694828662081444,0.8697426889267664,-1.37825251285644,-0.1433664092594631
ACH-000608,0.8332716056745088,-0.22293776182619526,0.8612254467774709,-1.3554377796511787,-0.1368326052597964
ACH-000501,0.8432567345398895,-0.44057207892011013,0.8763648949393753,-1.2186729931175366,-0.12322461126464414
ACH-002033,0.8502651255258097,-0.432295831303435,0.8737344716451683,-1.144525774451408,-0.1396171608654927
ACH-001184,0.8764157866290359,-0.4234424840289226,0.8938526695000409,-1.4342563449332792,-0.15144705571235767
ACH-001688,0.850871835175852,-0.28586247254126784,0.8490357347544865,-1.3356351372818287,-0.13527413650002543
ACH-001838,0.8625141947459509,-0.19889406312218202,0.8997551190538217,-1.1219610064963088,-0.1369839181101083
ACH-000638,0.8403578362844384,-0.46306020802649117,0.8681907838423234,-1.2105708009479355,-0.1414367453342636
ACH-000798,0.8638534756961469,-0.38950466378964754,0.8782777947317103,-1.4110918765328544,-0.1372859573790251
ACH-000894,0.8789816693962849,-0.36768256604187577,0.8893629373804438,-1.248371215067631,-0.14299708626051622
ACH-001559,0.8561100024544591,-0.4286477228460363,0.8991693400123558,-1.3679362643188115,-0.13767907798641585
ACH-000344,0.8561960026842115,-0.37523405438450624,0.8710050539259104,-1.3772052159056087,-0.1471972075836154
ACH-000223,0.8458072377040073,-0.4148168478148901,0.8730132265483697,-1.1713515127695413,-0.1450226829465448
ACH-001861,0.8644369590067665,-0.5822542709623636,0.8849066996151871,-1.497068747926982,-0.14253718128188667
ACH-000946,0.8659887295757301,-0.5323457017842055,0.9000855966833146,-1.3620452613754326,-0.14556571877330093
ACH-000596,0.8599084505583423,-0.34383489384761295,0.8995876472821193,-1.4177699007790985,-0.1421745759804425
ACH-000632,0.8642257248658051,-0.41472460970483566,0.9075362297266115,-1.4399586863496145,-0.14373881700615557
ACH-000978,0.8805381480070231,-0.3578536142018325,0.8941459311802668,-1.4387092540063275,-0.1361717383115308
ACH-000332,0.833482525946018,-0.29774778143647596,0.850485668137937,-1.5584578720659814,-0.14703687831423076
ACH-001841,0.8667646148602118,-0.3841026516076804,0.8865553661677249,-1.4237220396230608,-0.14883544263733717
ACH-000887,0.8707887350998327,-0.40192350346972566,0.8931336573601982,-1.5185584473078415,-0.14493601001046943
ACH-000368,0.8380920127129682,-0.3123829592611355,0.8662555544804281,-1.4045561546229406,-0.13832590249855412
ACH-001611,0.8513922307266893,-0.4236137662358374,0.857942255733117,-1.3819039522237635,-0.1379080416193126
ACH-000406,0.8818698960903791,-0.6675703960085497,0.8978131908210581,-1.4260966944829738,-0.16352433207740946
ACH-000441,0.872205855674038,-0.49393070521168064,0.8875118160638924,-1.4615844876900734,-0.15193800909737973
ACH-000960,0.8815246396935629,-0.5414431711534481,0.919664907592798,-1.494381043513691,-0.1488420086284981
ACH-000098,0.852981979499303,-0.39882730285599577,0.8994797210292443,-1.4717782325821736,-0.14407032551486698
ACH-001651,0.876154647245262,-0.3650603876077831,0.8869878154982098,-1.1564895025436042,-0.12960707117189482
ACH-001336,0.8462020854741846,-0.34389178541857485,0.8634464946297384,-1.3315727268357909,-0.1417602771620666
ACH-000971,0.8841567489151102,-0.34718787058008305,0.934081622019933,-1.4966561301842187,-0.14333601042216057
ACH-001454,0.8493831523666697,-0.34886890519508545,0.8380860581610856,-1.3317523644111702,-0.13197121677110318
ACH-000926,0.878929880936762,-0.4153266187112171,0.8880343279916041,-1.4091026882950328,-0.14153480547590344
ACH-000576,0.8805582356519288,-0.2978607170726968,0.9056062105976137,-1.3184138780821717,-0.14648013262226772
ACH-000019,0.8645458717064893,-0.522213076857841,0.8846513982032138,-1.4433007612127877,-0.14482925719444345
ACH-001577,0.8425831706966459,-0.507952351482885,0.8350812424172502,-1.2594622514563907,-0.13638888968955137
ACH-000330,0.8636143071739885,-0.40234541537636087,0.8777136009408193,-1.3421322034007805,-0.1412286836746287
ACH-000848,0.8724870827027174,-0.5960321079284996,0.8998905851091544,-1.5197709304856644,-0.14461434876372237
ACH-000481,0.8844266766435304,-0.3254267752713129,0.9126452352420154,-1.276585098781259,-0.13953057316945006
ACH-001517,0.8823096271921426,-0.266861180912821,0.8904302908054277,-1.2414627454024143,-0.14069968932266502
ACH-000338,0.8396450387597386,-0.41430918649615966,0.8349815036732142,-1.3004353455063413,-0.11843932376527744
ACH-001959,0.8811991570722006,-0.5703994197965238,0.9107278695357682,-1.309510360443095,-0.15257062215408193
ACH-001414,0.8649984714557706,-0.3101025386987918,0.9021414057208357,-1.4912440096773056,-0.15029652536748117
ACH-000871,0.8526916502565254,-0.5650863732737558,0.8630400964637405,-1.4885898403633333,-0.15810366374508872
ACH-001403,0.8418079131510673,-0.2522152161906652,0.8608123497406047,-1.2454753170445585,-0.13922747335676988
ACH-000805,0.8828253147012056,-0.42394741298788186,0.8935393112072109,-1.3784567913752175,-0.1444226130807115
ACH-001554,0.868301633564948,-0.5114358783738837,0.8933271802963879,-1.5091852122183915,-0.14963305139128402
ACH-000847,0.887322122335013,-0.673287039562613,0.9163921370142388,-1.53633887017221,-0.1551588963081239
ACH-000832,0.851296186674484,-0.5585497672575932,0.8614360890503234,-1.4832608467501593,-0.15393553200985363
ACH-001975,0.8748495780652962,-0.45180354670574097,0.8988142998563465,-1.7047585998492656,-0.14214306473441912
ACH-001382,0.8589621341616139,-0.29567672813364454,0.853841802442855,-1.3526786733456495,-0.1373674585322084
ACH-001302,0.8651011067664601,-0.39521827677044025,0.8796011938876525,-1.5047851247449695,-0.13330599334477916
ACH-001134,0.8863403386902478,-0.45698024287990985,0.8599563829074588,-1.4313306061306021,-0.1432271390599569
ACH-000914,0.8758021718510579,-0.6936595228670072,0.9243198785271415,-1.2858378257077754,-0.1586845647455894
ACH-000858,0.8634758907458102,-0.5176639297563531,0.8895735796532963,-1.382123775472548,-0.14779321220680747
ACH-001421,0.8490561003980492,-0.3274911049243604,0.8402646798311885,-1.4406179043997938,-0.1424123093280419
ACH-000544,0.8820431520276906,-0.4333277505929034,0.9032772364924713,-1.3923079392089854,-0.14887706816098023
ACH-000725,0.8504026003456328,-0.40307006488529096,0.8542467119708821,-1.1204267382460371,-0.13852917958630057
ACH-000760,0.872436863590453,-0.42206294592875276,0.8681945054372502,-1.4193913517847445,-0.14312884298584552
ACH-001745,0.8774465339082582,-0.4294491688925029,0.9082865032638388,-1.404304795630157,-0.15043124076066755
ACH-000787,0.8470922192390674,-0.4895423160786096,0.8953614040833339,-1.4299730744433718,-0.15630081434848134
ACH-000749,0.8949092885897781,-0.5782423227427547,0.9239097587662168,-1.5074583759003954,-0.14535142174551208
ACH-001691,0.8383271009322549,-0.33808230486624813,0.8644118763537301,-1.5243517239576405,-0.14268125367621365
ACH-001328,0.8588299951224685,-0.4664306980197523,0.8809223600866388,-1.4122384770748642,-0.1479027913959465
ACH-001654,0.8472099202834367,-0.39188690102017587,0.8612113047167494,-1.5136739743849679,-0.14973087273443078
ACH-001521,0.8688681679251785,-0.28192409628025705,0.9043542660642645,-1.2930549092983286,-0.13670437674334657
ACH-000209,0.839809192482952,-0.3940411230629821,0.8797120974164687,-1.428336581534571,-0.13772434317525586
ACH-001520,0.8822239408318419,-0.566208463354856,0.900663932534927,-1.3831568521676592,-0.14172459484868197
ACH-000213,0.8468951092234304,-0.46164288764441563,0.8749090070040417,-1.3321080748747398,-0.1385449939779943
ACH-001610,0.854336326183178,-0.326213497039886,0.8560062820522363,-1.3546072212629312,-0.13981467516343637
ACH-001408,0.8294289019779424,-0.3202894511008839,0.8350656117185581,-1.4524617071650605,-0.15128480591486274
ACH-000991,0.8505027247007098,-0.3545730345536858,0.8862740135912647,-1.3323791290878206,-0.13751809726735256
ACH-001412,0.8251474087879681,-0.2834618411103568,0.8535418418917611,-1.4652624945647346,-0.1421056154146272
ACH-000331,0.8603654444799465,-0.3903081366984142,0.8940633117728934,-1.4105741590843772,-0.14710777910719194
ACH-001407,0.8608403289602948,-0.3517137882993162,0.9028529746708249,-1.4249928834496512,-0.14949753336286678
ACH-000580,0.861756200020213,-0.3344895372082219,0.8730496981786514,-1.4218332834003418,-0.14069782065244543
ACH-000684,0.8729760913083898,-0.2874775764353469,0.8800477852788592,-1.3212831378999632,-0.12841585659836546
ACH-000732,0.8386632551149735,-0.32947721469599006,0.8555418270053815,-1.4247393221759845,-0.14065686248885004
ACH-001481,0.8699268495855982,-0.33698449519022744,0.858376938020558,-1.4982455937814738,-0.14136510457550147
ACH-000310,0.8687394814500016,-0.34984283217528717,0.9139053672842032,-1.5105329044134734,-0.14575882834150858
ACH-000234,0.840129653193088,-0.2688216145312108,0.8667423390968434,-1.4417417191699562,-0.1469738122978592
ACH-001498,0.8724798637053295,-0.5595617983287473,0.9076694628249884,-1.3930222901345357,-0.1458410428892473
ACH-000896,0.8572449543916298,-0.4096085210502507,0.8819696168990183,-1.4141053482270978,-0.14621442090133385
ACH-000203,0.8204114326320027,-0.34548834025995634,0.8609098555276851,-1.3447903637323,-0.13522092847610487
ACH-001607,0.8562339808878613,-0.49932641500967145,0.882137832989706,-1.4359071780747394,-0.14391493645388947
ACH-002706,0.8529634612016553,-0.5683392738282717,0.8822785092779362,-1.432259531623952,-0.15089980727901617
ACH-000677,0.8637348330434226,-0.5673477632531625,0.8813964912803032,-1.553453016985475,-0.14583603947819235
ACH-000055,0.8746782053446945,-0.4179107550523269,0.9116329614219468,-1.445812007967677,-0.1369548017098059
ACH-000485,0.8607810076339328,-0.45907213617442705,0.899392635707959,-1.4399215353965957,-0.1436230818901637
ACH-000672,0.8488056325756317,-0.363652725544347,0.8938161978697591,-1.2949360189110137,-0.13905675836269626
ACH-000784,0.8763332389632514,-0.4755140474431723,0.8852096374422223,-1.5193799706043318,-0.15203635254185613
ACH-002024,0.8574668600939472,-0.47902789141417534,0.8415039709417867,-1.3414142718440716,-0.13829355105766344
ACH-001737,0.8713395759874806,-0.4273858632207353,0.8950257162209436,-1.2952151495893571,-0.14868491423027347
ACH-001400,0.8403798071460539,-0.4787698970691999,0.8253745785293746,-1.3395235087887245,-0.13793571986101558
ACH-001054,0.8837804194425805,-0.46890497863695446,0.9083274408080327,-1.3874424942323433,-0.1444160268609543
ACH-001695,0.8578573136918015,-0.39878744936776395,0.8556103043520331,-1.4563490273665485,-0.14828031279787446
ACH-000009,0.8708499396429044,-0.3949510894064547,0.896872371623583,-1.379438126082356,-0.1468545923269961
ACH-000491,0.8520786632174507,-0.48137390983349165,0.8902449553780768,-1.2177321106248924,-0.13229448376427766
ACH-001568,0.8821263274323784,-0.42417098901172934,0.8557375828985269,-1.394552937128829,-0.1403110249608488
ACH-000993,0.8438185608583451,-0.3428860089516264,0.8818944406814985,-1.5450197216560337,-0.146293920391693
ACH-002680,0.8428455655582262,-0.3323344764416427,0.857855914730817,-1.3264812155077983,-0.13998416037914638
ACH-000711,0.8594385879892207,-0.4253265307500096,0.8682592611889751,-1.3124156869720438,-0.15358122035941593
ACH-001515,0.8538987921675761,-0.4012336132273805,0.8885575842383011,-1.4004986857454509,-0.13768762838621995
ACH-002847,0.8459409460904108,-0.3612444761067633,0.8643806149563457,-1.454577361209235,-0.14568487583924972
ACH-000702,0.8635810370121138,-0.3680679320702959,0.907292837418404,-1.3897561122246043,-0.13795861868706924
ACH-001020,0.8912797022508835,-0.3730999867777236,0.9093702317065002,-1.4436001524507476,-0.14277230326501925
ACH-000354,0.8543626912171166,-0.4107758685648781,0.8725532374154267,-1.2901477932217982,-0.13415687892146091
ACH-000012,0.8751863599869179,-0.504329669775496,0.9161926595261666,-1.407823049856314,-0.1480320699709905
ACH-002533,0.8468737661007181,-0.3897958996895827,0.8739369264091819,-1.4203790626789328,-0.14735265363832215
ACH-000459,0.8269769538216429,-0.165483721569522,0.8585905575693519,-1.0401337000352422,-0.1296461471980582
ACH-001413,0.8524041458388129,-0.3614003580060994,0.8808047576869543,-1.4294469864038366,-0.14639322906903168
ACH-000208,0.8455520618398149,-0.3338674443976643,0.865018496326786,-1.3881238202568495,-0.14070827002650904
ACH-000249,0.8502164757608037,-0.4948868527598589,0.8826015437175756,-1.2673545841116536,-0.1334456225678689
ACH-001368,0.8906221457496739,-0.46518930029016986,0.9085306398910317,-1.3681107264037806,-0.1490154218551465
ACH-000231,0.8316394845259222,-0.24248693087978843,0.8667706232182865,-1.5092516225619603,-0.14272885624921883
ACH-000945,0.8485294274581783,-0.33605075669859924,0.8629433349956457,-1.2166581856534833,-0.13146256059204353
ACH-000662,0.8842025738550512,-0.44519115010288113,0.9232904853704105,-1.289534915618257,-0.13726729686699982
ACH-002458,0.8480809080117688,-0.4476271129582204,0.8768985716518671,-1.5125208583741703,-0.15285228953441166
ACH-001029,0.8650866687716846,-0.6077243375837996,0.8904161487447061,-1.4016582781152482,-0.15243082626885887
ACH-000248,0.8735580052717514,-0.4493273499677174,0.8809171498537414,-1.2891081344809912,-0.14771773446580092
ACH-000943,0.8859583595675884,-0.7246414806881957,0.9101800507625549,-1.5875342031952169,-0.16576600101600722
ACH-001696,0.8574313928459107,-0.3501097994470022,0.8531227903030122,-1.4725448029025194,-0.14445222597009036
ACH-001016,0.8556928699532146,-0.4697803849060757,0.8819941794255346,-1.4714390168977398,-0.13749360163991506
ACH-000261,0.8687024448547066,-0.35128431485465333,0.9001362103743179,-1.3166002252422973,-0.1396317544467446
ACH-000164,0.8717030368124925,-0.48466269758102837,0.9033635774947711,-1.3539638224574628,-0.14334283822617352
ACH-001793,0.8338051837423156,-0.26265762504930745,0.8576102894656534,-1.3967578031742933,-0.139257637060742
ACH-000262,0.8643578639049503,-0.3544620605573379,0.8687720969698773,-1.439664565172905,-0.14067789366738107
ACH-000773,0.8715806277263485,-0.42279175018787307,0.922228342178324,-1.4173619193243636,-0.145312440865623
ACH-000722,0.8728593318723759,-0.30727744473961205,0.9113084383443368,-1.3874047156425502,-0.1371451363062342
ACH-001129,0.8602078820152178,-0.38116484768195147,0.8680590393819174,-1.3733257207741811,-0.13985559325047298
ACH-001619,0.874434956519665,-0.28611112604753125,0.8878676005388868,-1.505599636489613,-0.13506174066908028
ACH-000329,0.8484999237297233,-0.5146271662801485,0.8608339349911798,-1.4114760957830546,-0.1411355359185594
ACH-001701,0.8421064029995876,-0.48193876578312844,0.8415687266935117,-1.2856169002980062,-0.141781077449384
ACH-000545,0.8238690185113925,-0.41307390600747745,0.8459907257854427,-1.3951124956384662,-0.14462154362782972
ACH-000124,0.8555591615668113,-0.5100856371002913,0.899775215666426,-1.4843113452143755,-0.15405217203859906
ACH-001626,0.8495479338287867,-0.25127370365868024,0.8543568711807132,-1.2460175358588972,-0.13427517843596523
ACH-000619,0.8265193321611356,-0.46570984939799803,0.8442080818155429,-1.3127653856991248,-0.15314549168286518
ACH-001973,0.855965308637248,-0.4130797138418476,0.8714762078436334,-1.3241980658747525,-0.13770076028276385
ACH-001340,0.87063242811291,-0.35075680761163935,0.8706395933041065,-1.4321502255717757,-0.1490420830900728
ACH-000546,0.8290500615497995,-0.46539844171436656,0.8354206518745674,-1.355465823651364,-0.1428826863324152
ACH-001709,0.8653004138682592,-0.691230398465735,0.8731397607758782,-1.2742248841399078,-0.15826589986779385
ACH-002018,0.8678204716955668,-0.41611836462311097,0.880844950912163,-1.4542362059014373,-0.14660035150106646
ACH-000153,0.8508765432176265,-0.2749843063367762,0.8643225580754889,-1.4383320997829925,-0.1364297257340611
ACH-000116,0.8333274744369025,-0.4490864055088081,0.8376230917522013,-1.4232979036611777,-0.14923623062689767
ACH-001270,0.8619376165632676,-0.3653407017712905,0.8856272003930004,-1.3818212432903125,-0.14337867871149867
ACH-002523,0.8412360430101586,-0.36771631654934467,0.8209019657464404,-1.4773832319140088,-0.14530321400717797
ACH-000324,0.8618980690123597,-0.35767617775603205,0.8888329822628787,-1.524111488580946,-0.1512762696222017
ACH-000898,0.8244873413311458,-0.5239953574242996,0.8665562593505072,-1.3971873081865338,-0.14755168331719648
ACH-000517,0.8519794804707289,-0.3536956988027767,0.8687877276685696,-1.3285302058553932,-0.14403262171508743
ACH-001415,0.8214418660417736,-0.27053414480569404,0.8504417533178018,-1.2814095339780607,-0.13823142292321092
ACH-000681,0.8743458175953959,-0.5144224847296461,0.9093106861876726,-1.6130463645321615,-0.14505550396335215
ACH-001310,0.8349658729745221,-0.581168103217122,0.849073695022739,-1.4181569728002719,-0.14652078259356852
ACH-000070,0.8716217446245148,-0.5316248454065768,0.9116768762420823,-1.4054349567688156,-0.14775232583403175
ACH-000484,0.8630757071949549,-0.2040119265935009,0.8818951850004838,-1.1320623061180795,-0.1359309176660977
ACH-000108,0.8589461268195798,-0.23578499427661273,0.8689298925947704,-1.3652728270018686,-0.14322126560923026
ACH-000656,0.8749945857519591,-0.5553582617016114,0.8932706120535018,-1.4380668767336722,-0.15514687858040344
ACH-000997,0.8819803781373606,-0.5890705628720271,0.9192518105559317,-1.2887331135321938,-0.15046785299048973
ACH-000866,0.859323711769916,-0.6129165915982615,0.8672090271006543,-1.4052129612578852,-0.1500393192005423
ACH-000819,0.8599166111640856,-0.35155765895214514,0.8913152860790021,-1.4545059292454376,-0.1474718476244388
ACH-000226,0.8551853430498945,-0.520120602336378,0.8320764266734152,-1.4012666072525508,-0.14843729128049513
ACH-000087,0.8635138689494603,-0.512220841093409,0.9086854582399833,-1.4018765748908877,-0.1421605959443648
ACH-002005,0.8753257180234508,-0.4736603508840419,0.8826015437175755,-1.5018271878978955,-0.14331691663657928
ACH-000758,0.8399695797727459,-0.5777952188730876,0.8792000059545519,-1.3752859917051516,-0.14546687056655855
ACH-000258,0.8425800320021293,-0.27744665488684983,0.8475002046877209,-1.531550120287522,-0.14991357854225745
ACH-000163,0.8531844252956179,-0.31664107410350806,0.8870644803537004,-1.4265511236676904,-0.1421455021808116
ACH-000076,0.8671864554032311,-0.5300819688747486,0.9160624037037313,-1.4236676268754946,-0.14303157908454184
ACH-001193,0.8636711175447375,-0.39364438187137596,0.909475925002419,-1.360502864972526,-0.14050603128602873
ACH-000571,0.8523972407108769,-0.2728281290965464,0.8768985716518672,-1.3954350975962013,-0.13940861457271375
ACH-000391,0.8568472817963879,-0.533918282261954,0.8617077654799742,-1.3996410449944925,-0.14994797875753085
ACH-000293,0.8792434365189619,-0.40231220230721615,0.8877083162760233,-1.2231884163868179,-0.14408433841961393
ACH-000532,0.8712896707446678,-0.410790135357495,0.8706485251319306,-1.2750712076786415,-0.1480012941833867
ACH-000584,0.8686349629226015,-0.45555711528067866,0.8630051134714294,-1.2312580759157605,-0.1472700458082035
ACH-001690,0.855826578339618,-0.44418710639781916,0.874780239819577,-1.445923019263441,-0.14859320991561945
ACH-000944,0.8806119073281612,-0.5633112129062378,0.9103750623367151,-1.326244177568718,-0.14899247160954016
ACH-000561,0.8461936109989899,-0.5384808572073002,0.8598975817076167,-1.3741550776724352,-0.14509863617215704
ACH-001648,0.8378142382482571,-0.7168374996614949,0.840188014975698,-1.3942979886617402,-0.15550991307033882
ACH-000204,0.8675797338261503,-0.6371487636749646,0.886536013874106,-1.3359011542919101,-0.1447853896334473
ACH-000160,0.9054135575281902,-0.611577634536625,0.9077230537919331,-1.5243914063150115,-0.15193457526353357
ACH-001347,0.8356846340188036,-0.32601617745686473,0.856759532865405,-1.490881084309792,-0.14462985140601473
ACH-000268,0.867767113888786,-0.4509742496985674,0.9043818058667221,-1.3053376862150192,-0.1313087858144823
ACH-001341,0.8540550991544984,-0.3922815418758434,0.8821653727921639,-1.3803843013440527,-0.14582399360873768
ACH-000714,0.8685731306406262,-0.3955997472479934,0.907273485124785,-1.2825496763894542,-0.1509943267052839
ACH-000937,0.8226916941982488,-0.5469758385114755,0.8111752052459602,-1.3678848530898355,-0.14706944723261323
ACH-000763,0.8875239403924247,-0.424339425818994,0.9103691077848324,-1.4347653472250874,-0.1528052737311338
ACH-002834,0.8286034253200998,-0.28418717436970936,0.8469814143549359,-1.4140579659339911,-0.14205550939707134
ACH-001673,0.8715165983582116,-0.5799340327584354,0.8601179001272785,-1.4168782104734186,-0.1525852008157861
ACH-000326,0.8578447589137356,-0.5257257780124599,0.9045232264739377,-1.4508330587603415,-0.15060280904541268
ACH-000901,0.8611827605320463,-0.3225841221289133,0.9143861973487357,-1.4025048002992877,-0.14279700900066525
ACH-000511,0.8440803279810222,-0.29160439232099306,0.8622258114937739,-1.4295344258401321,-0.14168767588611003
ACH-002077,0.852724606548949,-0.35693482126579396,0.8527841251646807,-1.2445260980835064,-0.13388846142537653
ACH-000583,0.8963687815399564,-0.7145170968958668,0.9254542206608065,-1.556660459492826,-0.16174677150411668
ACH-000836,0.861571958652094,-0.34560476003994794,0.8919554004063982,-1.3862705326697216,-0.14492124804148745
ACH-000975,0.8378826617887168,-0.44903533154254555,0.8782115503420146,-1.400293755804742,-0.14355423254844468
ACH-000467,0.8710294729692487,-0.5665210335996961,0.9036077141219642,-1.3240318152168076,-0.14593609020669313
ACH-000671,0.8644655211268666,-0.5749784098397551,0.9018280474280057,-1.4534652780827912,-0.1488315450020537
ACH-000864,0.8707209392982758,-0.4956427062854366,0.8520710675767206,-1.3742212283915647,-0.14830230805168318
ACH-002067,0.8473392344975168,-0.42369044729668726,0.8420845397503554,-1.3423121867657768,-0.14331614274301513
ACH-001461,0.8937978768614813,-0.31056306072650813,0.8904072169168818,-1.3593860095245918,-0.1443449994040641
ACH-000890,0.8578221603132167,-0.263949960031005,0.9020022180705763,-1.4305412457810052,-0.1428653501760478
ACH-001692,0.8556354318435625,-0.5978047049607409,0.8588704215078413,-1.503708542063554,-0.14977997859309974
ACH-000562,0.8695680968023608,-0.4145030229314698,0.8892364031529353,-1.2153983855175543,-0.14042536067716346
ACH-000748,0.8419271835426949,-0.3592195155835387,0.868062016657859,-1.7622299484493438,-0.15390808523935912
ACH-001669,0.8857668992020811,-0.6018872501334741,0.8844467104822444,-1.3376260207741422,-0.15461105332559416
ACH-000834,0.8593519600205648,-0.529562440754881,0.8799406033449695,-1.4296091318108959,-0.14801298599145063
ACH-000565,0.8442171750619423,-0.40787913757531336,0.8915095533341769,-1.150869764693765,-0.1288149656669626
ACH-002080,0.8587019363861951,-0.5801463331337506,0.8824623560673163,-1.3636063377952297,-0.15008562603865647
ACH-000770,0.8617894701820884,-0.5827960860960261,0.8706373603471502,-1.4500100692624263,-0.156844352158949
ACH-000507,0.8629002541714819,-0.5900863291703153,0.874501120200073,-1.3202547288378492,-0.15044958026940292
ACH-000022,0.8607320439994753,-0.4351924352405234,0.8618826804415299,-1.4146835904809705,-0.15073227492537605
ACH-001668,0.8709820786820495,-0.41016650029371565,0.8807787065224673,-1.410333969574144,-0.12270606134869229
ACH-000334,0.8731537414180246,-0.3688014018389673,0.8963662347135488,-1.2707254474275085,-0.13861025651446365
ACH-000374,0.8327157428756342,-0.5526259817776679,0.8869960030070487,-1.0780703058512182,-0.14637299777049737
ACH-002003,0.8734117421072817,-0.41005977611451966,0.9039739190627536,-1.4255419448723334,-0.13399037840671643
ACH-000148,0.829439259669847,-0.40269323833215337,0.8536981488786833,-1.2872727609066612,-0.14324563580872413
ACH-002461,0.8491254655468644,-0.3935734139407828,0.8779949535172793,-1.2788999354677433,-0.14155159595011957
ACH-000646,0.8402997704358831,-0.4165387884084731,0.8490245699697063,-1.263829665731815,-0.1432065158523553
ACH-000040,0.8468750215785247,-0.2635372985262598,0.871509702197974,-1.3788004364327207,-0.1411675127997852
ACH-000430,0.8741119848539157,-0.5444642293258118,0.9243064807854054,-1.3104029173938871,-0.15211859830042043
ACH-001041,0.8597866692111016,-0.45001149976206245,0.8806804564164018,-1.3438807484205728,-0.14679792833934713
ACH-001977,0.8689117957789582,-0.5818467273699612,0.8831523397667305,-1.3372912949187787,-0.14950407641540997
ACH-000370,0.849767328575491,-0.33847580768421653,0.8399788613408162,-1.3617141852335461,-0.1318198134890283
ACH-001630,0.874704884248085,-0.38720582418682137,0.878281516326637,-1.331359427600965,-0.15446909223215505
ACH-000437,0.8454305943620258,-0.3580187886375973,0.8744921883722487,-1.5173944238447414,-0.14475369765022839
ACH-000498,0.8556737239166637,-0.3730581788899434,0.9044033911172972,-1.357354770566433,-0.13554824390142964
ACH-001392,0.8614084326677838,-0.3954993755827122,0.8675313172213084,-1.3091237312483206,-0.1397541806643447
ACH-000503,0.859583909545335,-0.34346832710028957,0.8755297690378188,-1.47323715982128,-0.13433442792959663
ACH-000403,0.8510639232802621,-0.3823001578566759,0.8947815795937507,-1.3144338002032332,-0.14238875764570844
ACH-000318,0.8671764115807785,-0.45812135264639553,0.8962754277973368,-1.4361106448754501,-0.14682442194815953
ACH-001430,0.8625060341402079,-0.4205886177001369,0.8922203779651808,-1.3322295834498399,-0.14749473818169095
ACH-000928,0.8721578336479354,-0.4677285749344596,0.8745026088380435,-1.4139930447680047,-0.1588710157434567
ACH-000889,0.8947413684331448,-0.608990201720101,0.9152027152756587,-1.3955416978525537,-0.15765927903856627
ACH-000799,0.8355914147916629,-0.40505414789335775,0.8626441187635372,-1.5118162764396754,-0.15399889349056173
ACH-001623,0.8386996639713651,-0.17866652968534572,0.8606530654777412,-1.3673152811364973,-0.1388132660104831
ACH-000736,0.8675759673927304,-0.5123872357497408,0.8999166362736414,-1.3830138557771907,-0.14633071110830637
ACH-000876,0.851381873034785,-0.5070782063269568,0.8548168603136561,-1.1629503061764697,-0.14368783708478342
ACH-001232,0.8290375067717334,-0.32509099598390256,0.842457443562013,-1.4755412274884792,-0.13726303528193337
ACH-001618,0.8982695749391565,-0.5138775535127437,0.921039664758729,-1.3422358294621737,-0.1366143307109438
ACH-002650,0.8462149541217024,-0.3219888459958989,0.8544119507856286,-1.4034383502217358,-0.14321566389597792
ACH-000235,0.8493605537661507,-0.36973631565156956,0.8631681193292197,-1.4920621469059894,-0.1509912281611237
ACH-000381,0.8685499043012044,-0.4344341862704591,0.9010204613289071,-1.4052232122213961,-0.1426170377813201
ACH-001993,0.8441107733178324,-0.4414531377509068,0.8713615827198904,-1.3335834227935266,-0.14784201007863068
ACH-001301,0.8672577037687561,-0.3898830157775798,0.895930063788137,-1.441915863476836,-0.14360562221402223
ACH-000187,0.8645239008448736,-0.5537897601631125,0.8763879688279209,-1.234771972530215,-0.14466692552633756
ACH-000569,0.8565522445118358,-0.4242866101315555,0.8748420182953608,-1.3619882962587233,-0.14084467854711885
ACH-000668,0.816718444663874,-0.30486591453833445,0.8558663500829916,-1.0723567343082525,-0.13455346082500205
ACH-000924,0.8751722358615938,-0.6828640838943917,0.8866171446435085,-1.4996321887699215,-0.14855450285103716
ACH-001450,0.8886199725175907,-0.5211321241475093,0.9148655387752975,-1.3068822749619655,-0.14619789539883749
ACH-000296,0.838272173778216,-0.3364315522338693,0.8679265506025262,-1.3609122729324747,-0.13706645047992733
ACH-000713,0.8389404018407817,-0.32174072568569345,0.857635596311155,-1.3571830497949333,-0.13846117114718537
ACH-001360,0.8702008576168898,-0.19131067315232936,0.8700835870220542,-1.1833038814720958,-0.13720147970451985
ACH-000273,0.8427636456313454,-0.3564887299024523,0.8450796793473813,-1.5494118585391077,-0.1539244912832377
ACH-001715,0.8551037369924652,-0.39594663674842867,0.8932438165700293,-1.2316091575012944,-0.14149472319148293
ACH-000639,0.8729528649689676,-0.6012576305179245,0.9044249763678722,-1.372142590668426,-0.15713538785847525
ACH-000094,0.8461142020277221,-0.4353241076921975,0.8882315725227203,-1.092056538069874,-0.13772784384475598
ACH-000361,0.8725843822327293,-0.349068947097559,0.9026430767169578,-1.328939724927105,-0.13691877462114607
ACH-000719,0.8681051512882144,-0.37028855625298396,0.871913867407016,-1.5205564707553676,-0.1540546463427168
ACH-001396,0.892709063733703,-0.27700910468426615,0.8771717367194884,-1.168070582592188,-0.13386456440596017
ACH-001848,0.8465388673958064,-0.3767295364260947,0.8306443569456126,-1.4518597004521487,-0.14762751667150634
ACH-000339,0.8511590257241125,-0.43052345221147736,0.8927302364701416,-1.3715630801135217,-0.14837904316171602
ACH-002048,0.8696183159146248,-0.5751435681324298,0.9071387633884378,-1.3833570478571402,-0.15124010694390064
ACH-002486,0.8625047786624015,-0.5712958788784637,0.890435501038325,-1.4169025524366679,-0.14621461709142264
ACH-002711,0.850154329609377,-0.28922170557934124,0.8549106445058093,-1.4740029176600047,-0.1466089749953255
ACH-000215,0.8446019790096665,-0.41645818138346624,0.852084465318457,-1.4843667504128613,-0.14305663889520168
ACH-001001,0.8874197357344764,-0.7114387126952543,0.923598633430343,-1.4475818520773402,-0.14687487907636215
ACH-000407,0.8587687905793968,-0.389151129566628,0.8955482281486555,-1.403770255272161,-0.14082750467571842
ACH-002027,0.8618528718113215,-0.42107014235949586,0.8740783470163974,-1.4111490224327636,-0.14870905231528134
ACH-001278,0.8666883445834609,-0.628471032349672,0.8934886975162074,-1.46744721837231,-0.1504067561259746
ACH-001419,0.8761364428170662,-0.4062814393224016,0.8821728159820172,-1.3224499456562557,-0.143656075172565
ACH-000865,0.8858905637660317,-0.45756955842630065,0.9135168327738535,-1.6512586901049067,-0.15111085038127262
ACH-001523,0.8381798961594307,-0.46766810148882676,0.8392769685376366,-1.3750400150283963,-0.1491127877453639
ACH-000024,0.8854304311499109,-0.4164714360375337,0.876701327120751,-1.5370076425933457,-0.1533619466467719
ACH-000599,0.8605311675504185,-0.31345496365722414,0.8978786908917685,-1.4477478083038078,-0.1394495958293555
ACH-000263,0.8672686891995638,-0.42077219029768737,0.9112354950837732,-1.3092813626765667,-0.13685716170360374
ACH-000303,0.8697137322279271,-0.43131037346682166,0.907333774962598,-1.3239428259159756,-0.14241117876697043
ACH-001551,0.8666390670795513,-0.5730899973378799,0.8886372263697329,-1.4198424504545137,-0.147266695134928
ACH-000793,0.8628377941506032,-0.5438894621340763,0.8987048849655008,-1.3951048278906195,-0.14959201534897693
ACH-002511,0.8186672600891765,-0.21385882713492058,0.8542839279201494,-1.23562341944032,-0.14022977258590702
ACH-000286,0.863238605440362,-0.4825901071501577,0.8996710110084777,-1.3112315684347955,-0.13678994359375893
ACH-000250,0.8514421359695019,-0.3308973354721319,0.8655104911760985,-1.5632996951314302,-0.14600602976991114
ACH-000139,0.8560240022247068,-0.2258414930418987,0.8917611331512234,-1.190008509516454,-0.14014599480024767
ACH-001735,0.8583303149554401,-0.5034556128633969,0.891473081703895,-1.3785445920111956,-0.15059685043931637
ACH-001389,0.8577440068197554,-0.47375923432847694,0.9010666091059986,-1.290934468610212,-0.14701039285641768
ACH-001183,0.8567176537128559,-0.3600416294234679,0.8840321248074074,-1.4782414537343425,-0.14562426168984022
ACH-000551,0.8635659712784342,-0.5543797988491104,0.8713288326845353,-1.2927889772690906,-0.14153884840428746
ACH-001163,0.8766445974592896,-0.5258584179423711,0.9000945285111388,-1.306915298904419,-0.14028369552296227
ACH-000037,0.8568968731697488,-0.27251775813328094,0.891059984667029,-1.6004152982241928,-0.13828899598392624
ACH-000420,0.8525438177447977,-0.33955254717664424,0.8721312085507366,-1.4211003817051011,-0.13863358603740072
ACH-000336,0.8617370539836625,-0.7116687499381131,0.8731769767251454,-1.6069007968401816,-0.15234184345971355
ACH-000486,0.8541950849299349,-0.5041537049197593,0.8891723917201955,-1.5720380048167244,-0.1511077613059179
ACH-001557,0.8421261767750416,-0.3852621410295833,0.8618819361225447,-1.4412128977337713,-0.14012127905393604
ACH-000247,0.8550654449193638,-0.48275846030101516,0.8904362453573104,-1.492724575118623,-0.1407992086790871
ACH-000947,0.89199187203668,-0.7846559254811241,0.8857209845851539,-1.4488614061965486,-0.15721169346294733
ACH-000807,0.860049064072682,-0.4275439196719859,0.8719064242171625,-1.3074237173502685,-0.1420701491173065
ACH-000476,0.8557484248461568,-0.4730367497070217,0.8870585258018177,-1.3184011132652222,-0.14051979381271107
ACH-000525,0.8762940052817952,-0.4512286811961146,0.9008165179269227,-1.4854515344083599,-0.14530862444020895
ACH-000853,0.8564536895040172,-0.5399229759800536,0.8828717315092556,-1.3703903103145663,-0.1496613532743452
ACH-000479,0.8450156589469429,-0.4676673559819167,0.8595403085946512,-1.3829831330977456,-0.13600500630730958
ACH-001664,0.8834404988264422,-0.667022731466008,0.9090792029832305,-1.3990506671038776,-0.15451479277844837
ACH-002705,0.8309106796591881,-0.5191760945646307,0.8645123594167515,-1.4466416066002812,-0.14039371595299951
ACH-001683,0.8742739414909677,-0.46063312121161054,0.8605577926476169,-1.2323921692183248,-0.1473592034608163
ACH-001990,0.8602022323650879,-0.6975892914795607,0.8992169764274177,-1.4209585190522351,-0.15451970363122708
ACH-001647,0.8689463214186396,-0.5133834708182625,0.8800753250813169,-1.375671126052138,-0.14988532622748452
ACH-002043,0.8580456353627921,-0.4426439601390819,0.8776882940953173,-1.4698283410888957,-0.1550200505035702
ACH-001649,0.8373616384989757,-0.37716870383003964,0.8364098518060901,-1.2973683867679804,-0.13707438700649516
ACH-000155,0.8686076562803081,-0.28142081359518706,0.886374496654286,-1.299129300873035,-0.1402825210390724
ACH-000683,0.8656572834347864,-0.3354166255091988,0.884655864117126,-1.3973688624097624,-0.14428063052387136
ACH-000655,0.8596721068612492,-0.3903955643248794,0.8770779525273351,-1.3923316828920618,-0.1414951699734312
ACH-000145,0.848591887479057,-0.2558395588026969,0.8573579653296216,-1.344477202147162,-0.1415652753967059
ACH-001495,0.8891362877655571,-0.30632238674552453,0.8994425050799771,-1.3571603785604387,-0.13636236693876955
ACH-000188,0.8499641247216763,-0.34005427822743606,0.8718297593616721,-1.4031868233823444,-0.14296894746134928
ACH-000146,0.8600038668716444,-0.39490231389239433,0.8947674375330292,-1.4449397402848951,-0.1449193959796595
ACH-000415,0.8462821221843557,-0.3661267084550193,0.8658558551852983,-1.3772788328705776,-0.1503542681970072
ACH-001518,0.8646507041033409,-0.3025032080136161,0.898705629284486,-1.1353816184091334,-0.1360138313520495
ACH-001625,0.8657219405418267,-0.25629637461724314,0.9051410112317735,-1.152609292278422,-0.13491657402091434
ACH-000851,0.872344272102216,-0.5314167199004989,0.8844876480264383,-1.3063208338673873,-0.1451726193753753
ACH-000824,0.8728951129898637,-0.39419131920182365,0.8887243116910183,-1.5506860371360804,-0.14933168321951218
ACH-000983,0.8699601197474732,-0.581295720326626,0.8904771829015043,-1.389375363397206,-0.15104626975916172
ACH-000541,0.8954252899682928,-0.4810220114655567,0.910781460502713,-1.32938524577749,-0.14042254279199456
ACH-002460,0.8375807193762285,-0.41730837511796215,0.8598707862241443,-1.4826693613984652,-0.14708237206264957
ACH-000111,0.8252927303440827,-0.5322851972358839,0.8761974231676728,-1.259615651487755,-0.1438329788087868
ACH-002463,0.8399592220808415,-0.23601098405142384,0.8399423897105344,-1.5425813869747511,-0.14750862136308354
ACH-002928,0.8473681104870688,-0.3406655181232023,0.8550840708293946,-1.387196197372511,-0.13828049373607545
ACH-000618,0.8565914781932921,-0.6101896048283493,0.8647438426211936,-1.441237986063513,-0.15322892061122498
ACH-000470,0.8811614927380026,-0.2802828612465448,0.9110047561983163,-1.1965727506755535,-0.13263160918252997
ACH-002039,0.8583789647204457,-0.36858837399132843,0.9016717404410833,-1.4666628600406664,-0.14065581302881897
ACH-000118,0.8629727580148135,-0.5167841795353991,0.8881124814850652,-1.3443853229561162,-0.1509011478901441
ACH-000614,0.8612524395503129,-0.5357113480454867,0.8849253075898206,-1.4930946101740838,-0.15487017714312937
ACH-001338,0.8759113984202321,-0.5881826426666629,0.9147814307299537,-1.3115398618826404,-0.14161442835422267
ACH-000556,0.8420521035844518,-0.46167173501401976,0.8596936383056322,-1.4754366727460582,-0.14389034203008244
ACH-001804,0.8398917401487366,-0.2680909402567222,0.8486151945277669,-1.3034800802391888,-0.13300745227481556
ACH-001386,0.8655028596645739,-0.45338579738689894,0.8702629678975221,-1.3767782305779543,-0.14662690075919627
ACH-001525,0.8623958659626787,-0.4411388641227328,0.8839078235368548,-1.2498763157045503,-0.1414017184596567
ACH-001539,0.8872875966953312,-0.37895721705110796,0.8887332435188423,-1.2921815499986469,-0.13974300779497045
ACH-000014,0.8589652728561304,-0.47925407423736927,0.8832059307336753,-1.3570389101732057,-0.13808298296268065
ACH-002785,0.8397476740704286,-0.3678580720499636,0.8420123408087771,-1.423095899932152,-0.1386164772320419
ACH-000637,0.8410273198248105,-0.3230681587679461,0.8414153969825308,-1.4469327444565636,-0.13893797415423279
ACH-002693,0.8619865801977251,-0.43271674868668364,0.8933539757798604,-1.3500241585449364,-0.14498368964514438
ACH-000455,0.8559204253056618,-0.4415717934158843,0.8886483911545132,-1.4408962321705459,-0.14517389095531477
ACH-000389,0.8544615600943868,-0.25500230430540133,0.8732156813123831,-1.4439693846191703,-0.14116699111742725
ACH-002710,0.8386004812246434,-0.29264817513002395,0.8327954388132577,-1.4758944785224277,-0.14718788779690598
ACH-000490,0.8666199210430007,-0.40729621101305047,0.8635886595559393,-1.4940537096338797,-0.1452459356721373
ACH-000434,0.874751650796381,-0.28117222056116437,0.8893927101398575,-1.1795094380474265,-0.13950987574493992
ACH-002042,0.8647749964061947,-0.29764577568922457,0.9074893376305351,-1.3972908423497343,-0.14588068627152978
ACH-000597,0.8762729760285343,-0.45634948529040437,0.9016501551905084,-1.458673582944473,-0.15144559740505575
ACH-000756,0.8548099551857196,-0.4092798030095823,0.8775290098324537,-1.593067795007921,-0.14561491781775407
ACH-000396,0.8632401747876199,-0.33837092496037685,0.8989609306964592,-1.3324482861202855,-0.13489166295217703
ACH-000371,0.8858786367268688,-0.561209460954598,0.914730072719965,-1.288420617908441,-0.1484830290587558
ACH-000265,0.8669799293040449,-0.652672762443421,0.9055384775699474,-1.4939125015552919,-0.15236590099234315
ACH-000132,0.8426117328167461,-0.41724816264570314,0.8332271438247577,-1.43673335192998,-0.14657807199903117
ACH-000216,0.8337741106666021,-0.40196150328617136,0.8497420934715783,-1.5377755674328402,-0.14906918538723968
ACH-000855,0.8716220584939663,-0.4707925314870023,0.8957529158696251,-1.6140214760127944,-0.14570396557198356
ACH-000906,0.8739996195902247,-0.5073281236908256,0.9093746976204123,-1.5511610117160302,-0.15643819424261085
ACH-000348,0.854852013692241,-0.3388649848004557,0.8761319230969625,-1.3814804529921962,-0.1419095165657799
ACH-000238,0.8446139060488291,-0.3434630349800574,0.8810898318583413,-1.4386700585277499,-0.14613065052827456
ACH-000237,0.835975591000484,-0.18333309376145526,0.8484365579712841,-1.394612886830904,-0.1451121930825596
ACH-000393,0.8658336780666145,-0.24070864982604243,0.8940469367552157,-1.2841916401565663,-0.138005631619819
ACH-000623,0.8394909288589777,-0.288448576258637,0.8396253098227776,-1.479078157427758,-0.13467543674913937
ACH-000359,0.8681064067660209,-0.22659715625732382,0.8960409673169534,-1.2249311604850293,-0.13694562201208174
ACH-001028,0.9007902605053675,-0.6694952733088301,0.8828724758282409,-1.5374750918650737,-0.15125222311255998
ACH-000621,0.8603563422658486,-0.22666512219288568,0.867796294780091,-1.367482961692465,-0.1396380443902954
ACH-001641,0.8702294197369898,-0.4796620094882543,0.8855780753399677,-1.418611149231906,-0.1413898282762972
ACH-000483,0.860771905419835,-0.37217978340923585,0.8911366495225194,-1.4015919209393495,-0.1444719591257677
ACH-000514,0.8472036428944035,-0.4495085956585829,0.8492322349666174,-1.3694140708962008,-0.14318180850962078
ACH-000936,0.8474274318134308,-0.4845398812867868,0.8562854016717405,-1.3797604569765,-0.14340559253100296
ACH-000716,0.8725071703476228,-0.5421926227012076,0.8999449203950846,-1.3765877477905806,-0.14761941415965213
ACH-000988,0.8742927736580668,-0.3183669498639382,0.8917544342803552,-1.479491993020901,-0.1490155554152902
ACH-000609,0.8449613595318072,-0.3265021482903466,0.8589336886215957,-1.55601282065388,-0.14663767315430193
ACH-001411,0.8466920356882122,-0.34190315064149723,0.8733541246436574,-1.4208830081109511,-0.1432348743601024
ACH-000504,0.8300243123277249,-0.2472853725748877,0.8445854515411125,-1.268221982552146,-0.14031134197554074
ACH-000956,0.8826828179701562,-0.47519491711701317,0.8877432992683345,-1.3941450679469312,-0.13760064315768689
ACH-000652,0.868857810233274,-0.3219909904609979,0.8982984867995027,-1.3975277078972574,-0.139779184665847
ACH-000414,0.8847286190560185,-0.4648620945011947,0.9048053233693831,-1.4901265003289754,-0.1527149880718341
ACH-000472,0.849172545964612,-0.2659561556210372,0.8907853309614369,-1.3853317071669162,-0.14543521294681455
ACH-000007,0.873863400248208,-0.46630431621920426,0.9011038250552655,-1.5542576825590684,-0.1491207576523485
ACH-001850,0.8614862722917933,-0.43389802584959675,0.8887086809923261,-1.3885769510942125,-0.1476614480507477
ACH-000028,0.8558008410445826,-0.5887521431781382,0.8748941206243347,-1.4397129322954916,-0.14931352476042192
ACH-000665,0.8363305773503013,-0.2827689864765877,0.8603344969520139,-1.283004323474456,-0.14365851637869118
ACH-000078,0.8316988058522844,-0.457832036878514,0.8856822799979159,-1.4198369874934882,-0.142018389680287
ACH-002046,0.8501464828730855,-0.28726518009710755,0.8776607542928597,-1.4709294055013689,-0.14092464039063451
ACH-000397,0.8580026352479162,-0.33510321659430753,0.8737768978273327,-1.3182236924901083,-0.14699712101303175
ACH-002925,0.8814028583463223,-0.41487593899952613,0.8812960082172816,-1.4007768172259034,-0.1457799634738603
ACH-000518,0.8498423433744358,-0.4843140170600092,0.8407321121539847,-1.402137817148553,-0.15680878395797185
ACH-001566,0.8863371999957315,-0.3677884368227982,0.8819048611472932,-1.5433401838187704,-0.14148483812804555
ACH-000252,0.8668700749959669,-0.3617408153909379,0.8952207277951038,-1.2870100982932282,-0.13756577116941138
ACH-001605,0.8559113230915639,-0.42322908887513905,0.8560710378039614,-1.3517097435625074,-0.14773752279806288
ACH-002522,0.8085898536050103,-0.49413347766044086,0.8474555455486003,-1.2860048176825956,-0.1283111306570912
ACH-000277,0.8537220836662965,-0.4797473094527293,0.8465050502043155,-1.2958600797393176,-0.14932224472939645
ACH-001239,0.8546194364285672,-0.5549839189998695,0.8599668033732536,-1.3957821523776868,-0.1506646736957903
ACH-001970,0.881277938304565,-0.4078552300361622,0.9050368065738253,-1.6332332550813977,-0.1465473358835209
ACH-000537,0.8494804518966819,-0.4796505430114706,0.8480740746254214,-1.449762025736123,-0.14569613578680116
ACH-002660,0.8731264347757307,-0.41156725002838473,0.8757240362929938,-1.371711520358875,-0.13957134086103168
ACH-000724,0.8290582221555426,-0.31918900832131536,0.866454287649515,-1.3874340580953872,-0.14260150274206196
ACH-000522,0.872981427089068,-0.5158556274084349,0.9055295457421232,-1.332583921247841,-0.14296289498326514
ACH-001549,0.8637172563541301,-0.410342604396124,0.8481269212733809,-1.4072371266963315,-0.14499598622812868
ACH-000706,0.8583353368666662,-0.5732385771901256,0.8572634368184829,-1.451327359980362,-0.14727179660605338
ACH-000548,0.8077810120281049,-0.2689255851543691,0.8418203065105582,-1.2405394077473129,-0.14410898152748475
ACH-001839,0.8794066486338203,-0.4753337390727886,0.8785077892981816,-1.3177215156843196,-0.1379473181481716
ACH-001799,0.8450222502054273,-0.20713150108406853,0.874012846945687,-1.4433268130747254,-0.13928598617331234
ACH-000425,0.8874115751287336,-0.34980169583162024,0.912977201509479,-1.3902237483354234,-0.1468876781838317
ACH-000375,0.8695671551940057,-0.519230173071022,0.9115935125157237,-1.3852462339376164,-0.1396254520248184
ACH-000753,0.852087137692645,-0.5388973189128682,0.9032482080520428,-1.4687805182855052,-0.154946884341963
ACH-000735,0.8528049571285716,-0.3708998045139179,0.8539162343413894,-1.4660510791434023,-0.14340885770097567
ACH-000654,0.8970592943335892,-0.44932601927466603,0.9320451652760305,-1.313904781291064,-0.1409968945561611
ACH-001067,0.8860569145754069,-0.5076776636094957,0.9229756384396097,-1.3620915317277655,-0.1448148594995995
ACH-001394,0.8615546958322531,-0.23806156668792844,0.8933115495976955,-1.261868659539505,-0.13136712967488035
ACH-000404,0.8880003942200312,-0.43681973677143227,0.8968202692946089,-1.513024465092698,-0.14433593096680541
ACH-000882,0.8866538942724475,-0.5244979070411734,0.8882352941176471,-1.5060546217813864,-0.1489463177529811
ACH-001509,0.8511376826014002,-0.307410102240542,0.8709760254854821,-1.323624025419554,-0.13682163051249566
ACH-000210,0.8651610558317259,-0.47144856862654516,0.864927689410574,-1.410134106054688,-0.1398184976686298
ACH-000604,0.8892000032642423,-0.45638143499912454,0.9192093843737672,-1.3267982401786578,-0.14102143712327575
ACH-000090,0.8697416666091242,-0.3551261445750228,0.8897477502958667,-1.3765638550138812,-0.14189977533666281
ACH-000195,0.8499324239070597,-0.42529074717444476,0.8914827578507046,-1.363045469066389,-0.1493470158208103
ACH-001791,0.8729710693971634,-0.2894038254826285,0.8815795937506977,-1.4921820839650117,-0.14648495697699915
ACH-001650,0.8684748895022596,-0.37703923739111217,0.8563315494488317,-1.5027978456302407,-0.14423699535333068
ACH-000605,0.8690913291053025,-0.4460958321156531,0.8744393417242893,-1.4439675962768415,-0.14546131125651132
ACH-000458,0.8454111344560236,-0.3823569555799589,0.8903573475448637,-1.4459381475645687,-0.14599079840288104
ACH-002084,0.868282801397849,-0.3224570259025893,0.871330321322506,-1.3831019407633325,-0.1334564433164218
ACH-000004,0.8712532618882765,-0.4169091729709002,0.918450179008716,-1.3674207398070906,-0.14415435198445886
ACH-000251,0.8682711882281379,-0.3899738073097768,0.9059627393915937,-1.4048042930175213,-0.1428260614572379
ACH-001194,0.8476659725966859,-0.25117836145272526,0.882969981615321,-1.2746010743833565,-0.13358708580496764
ACH-002055,0.8707058735645967,-0.5302021645500214,0.9130881050382952,-1.3880077268633109,-0.14315985349044588
ACH-001443,0.8606416495973996,-0.2991475663385614,0.8949557502363211,-1.4644228358979325,-0.14104866192101323
ACH-000688,0.8604420286261495,-0.23249857260476406,0.8935728055615514,-1.0708693841937078,-0.13455226287659797
ACH-000405,0.8692451251366117,-0.511295501083426,0.8996784541983313,-1.4028172235965721,-0.15173790704769363
ACH-000821,0.8654466770327284,-0.3899932501511698,0.881616809699965,-1.3067320113709893,-0.14192974649921208
ACH-001677,0.8682385458051662,-0.4198087194757125,0.8840805055414549,-1.3507858626460085,-0.1483725446170924
ACH-002526,0.8732783475903303,-0.36541177443895895,0.86895073352636,-1.2634828558103308,-0.13518076626082148
ACH-001627,0.8564455288982743,-0.6755444260271738,0.8686068581551311,-1.31691236201307,-0.1560263599847774
ACH-001036,0.8754826527492766,-0.47205413560846604,0.912159939263571,-1.3355640469915357,-0.14529884273239743
ACH-000547,0.835452684494033,-0.44136927565932155,0.8733853860410417,-1.4289917755833728,-0.143144713354075
ACH-000826,0.8529248552591023,-0.36860680052458233,0.8918392866446845,-1.336539068640606,-0.14252135891718065
ACH-001986,0.878021228874232,-0.597801151580271,0.8825829357429419,-1.5657373575512188,-0.15485167890848373
ACH-000018,0.855307438266587,-0.30658964148322787,0.8890227836041414,-1.4344770191165643,-0.14269957847325662
ACH-000721,0.8876554516926667,-0.5066419487786944,0.9125365646701549,-1.5119415605589324,-0.14810158787709524
ACH-000092,0.8516169612540716,-0.307982833208308,0.8719064242171625,-1.3532664442058244,-0.1389259238846324
ACH-001099,0.879476327652087,-0.5904890245066887,0.8938772320265572,-1.5725366572879174,-0.15321416306168292
ACH-000648,0.8744936501071237,-0.39132004328358344,0.8938727661126453,-1.5055851526409367,-0.14744585797322535
ACH-000950,0.8855170591185666,-0.49123528882741563,0.9090129585935348,-1.3525666079140306,-0.14329744193359473
ACH-002051,0.865788166996125,-0.27322042366047966,0.8546605533267337,-1.3891688200920844,-0.13658120676954316
ACH-000367,0.8591234630597626,-0.22568858880895776,0.8973412925843499,-1.633539161125616,-0.135807125265205
ACH-000589,0.8699651416586994,-0.5730325237818135,0.8511205722324359,-1.4379593154138484,-0.1469651025479309
ACH-001522,0.8730197191621695,-0.3239347672863575,0.8645637174267403,-1.416906091141029,-0.14676247047780297
ACH-000831,0.8807904990461506,-0.7033402852934306,0.9188781624252891,-1.4038754610598068,-0.14567191046213104
ACH-000424,0.8891940397446609,-0.5476685421629389,0.9191863104852215,-1.5306441914701858,-0.1533361904867184
ACH-000616,0.8449258922837707,-0.30358740580043614,0.8628406189756682,-1.3875954984669838,-0.14129088465889122
ACH-000512,0.8609712125216331,-0.4961124630074917,0.880497353946007,-1.283123440692392,-0.14105748560391954
ACH-000232,0.8554731613370589,-0.5722724017269031,0.8518544707519855,-1.4059529889915008,-0.1533181517854708
ACH-000820,0.8742193282063805,-0.4034431019006793,0.8982434071945874,-1.4110752126178094,-0.1357998044255836
ACH-001295,0.8771734674853217,-0.40707085086492184,0.911358307716355,-1.436126768534274,-0.14724241543168246
ACH-001164,0.8707965818361236,-0.4505643752472135,0.8754694792000061,-1.4901484108340528,-0.14197712720463918
ACH-002524,0.8509292732855038,-0.4350505853765832,0.8712045314139828,-1.3243296235832327,-0.14234622627471544
ACH-000645,0.8520406850138009,-0.34022851342472193,0.8772841288862755,-1.4458520078459198,-0.13919831880197728
ACH-000099,0.8669036590272934,-0.5660568872236635,0.8820001339774173,-1.4275509772245423,-0.14723396346541898
ACH-000649,0.8532716810031771,-0.33239013636054426,0.8914678714709977,-1.45210403228145,-0.14874647937180213
ACH-000086,0.8795133642473817,-0.4735893032808399,0.8883752260868918,-1.4238190312631127,-0.14232219203073085
ACH-000149,0.8550252696295524,-0.3946406056704213,0.8921057528414378,-1.4823545574497448,-0.12671065787123076
ACH-000142,0.828705119022435,-0.34411520257279415,0.8630177668941802,-1.562591669385217,-0.13652707654101506
ACH-002535,0.8680872607294703,-0.5806746031688582,0.8931701289904801,-1.2411380978395865,-0.14359636667861783
ACH-000227,0.8503825127007274,-0.3610959408686824,0.8894128067524619,-1.3044871752834786,-0.13720999015362206
ACH-000697,0.8718260736375397,-0.5741937138433513,0.8955541827005381,-1.4276853344445275,-0.14813985477571948
ACH-000264,0.8734148808017983,-0.31986595244730226,0.8783671130099515,-1.2298521060705176,-0.1417804389494409
ACH-000809,0.8511292081262057,-0.48014299056430754,0.8981615321061994,-1.5809586047377129,-0.15763893690307088
ACH-000093,0.8426368423728781,-0.32190312004005806,0.843968411102262,-1.367625824483822,-0.13565434058739967
ACH-000100,0.8529273662147154,-0.507250073237662,0.8801281717292763,-1.1824876502011037,-0.1289414301244993
ACH-000060,0.8659416491579823,-0.3467452699368557,0.8861958600978036,-1.2191621945322069,-0.13880669254664976
ACH-000001,0.8648719820667551,-0.495261085205866,0.8882687884719875,-1.1512801885241732,-0.14330256254373566
ACH-000957,0.8806658928738453,-0.5939836235209127,0.9018965247746573,-1.423679685131573,-0.1491351530680308
ACH-001096,0.8802217675997588,-0.5136654170183542,0.9136269919836846,-1.4357872311680577,-0.15629809853765256
ACH-002799,0.8707328663374385,-0.3228062615692773,0.8598581328013933,-1.4181080536167878,-0.1462984050434308
ACH-000239,0.8604822039159609,-0.40091342391018014,0.8905970182581446,-1.3518698940761182,-0.13972272977046296
ACH-000762,0.8505541992907805,-0.288396307148986,0.8879450097133629,-1.4256394772804317,-0.13358179132963655
ACH-000922,0.8709218157473326,-0.6103648272940099,0.8983684527841252,-1.478492004717718,-0.1510505825523692
ACH-000859,0.846765167270447,-0.2889123819020193,0.8816041562772141,-1.2216759375777257,-0.1398956007866257
ACH-000410,0.8270846110435596,-0.40174201171826907,0.875299030152362,-1.4449167284770936,-0.1472925299460512
ACH-001853,0.8476728777246223,-0.510555999963021,0.8497956844385228,-1.3880182807270536,-0.13968810141028737
ACH-000694,0.8530488336925045,-0.48558943513525743,0.8617628450848895,-1.3619772805141093,-0.14823654675297893
ACH-000935,0.8635057083437174,-0.49869930506151927,0.8606448779689023,-1.5213740507516673,-0.14613481707100948
ACH-001563,0.8577468316448205,-0.26396047874352874,0.8887034707594287,-1.5140280323330324,-0.1457538835006371
ACH-000974,0.8666268261709373,-0.5129008443102444,0.8817589746261657,-1.461494601724683,-0.15204044680337667
ACH-001719,0.8656911813355648,-0.3006818025437051,0.8858586835974426,-1.4629446822506789,-0.14232995321594377
ACH-000243,0.8613108192683202,-0.37962084188357326,0.8938816979404692,-1.4354002233654852,-0.15752958204076328
ACH-001418,0.863130634348994,-0.44808269225411423,0.8741431027681223,-1.2802138829974634,-0.1460448804337189
ACH-000362,0.8880810586691056,-0.5337197585129606,0.9150062150635276,-1.5950216145465206,-0.15938434640377513
ACH-000843,0.8752544696579261,-0.5438100838762291,0.8971120423368639,-1.3627006316162034,-0.150417535830096
ACH-000840,0.8540067632589442,-0.34485033735539417,0.8904362453573103,-1.2197503977378423,-0.13694481610902393
ACH-001852,0.8686945981184153,-0.5597252822260473,0.8512173337005307,-1.5204390797640621,-0.15615768431358615
ACH-001528,0.8574765900469487,-0.5537401602497191,0.8787013122343712,-1.4828212653432462,-0.15123764198549158
ACH-001656,0.8781000101065966,-0.5389021983730689,0.9203273514897546,-1.3145620371748785,-0.15112791747918952
ACH-001460,0.8926092532480778,-0.48995362726737224,0.8924518611696229,-1.2755732151437975,-0.1384792985501187
ACH-000592,0.8448103883255631,-0.2500531184901633,0.849663939978117,-1.3568453286820439,-0.1435086596370837
ACH-001192,0.8675693761342457,-0.3770995856377961,0.9127479512619928,-1.325848938213389,-0.1408553875738855
ACH-000045,0.885801110972311,-0.6182142108713075,0.8954551882754872,-1.4331157447060265,-0.14939961976227392
ACH-000741,0.8560974476763931,-0.39298342645570694,0.8673459817939576,-1.3309614102976466,-0.1460268579987364
ACH-000912,0.8548312983084321,-0.44424538013555537,0.905276477287106,-1.3710254574021576,-0.14826971120920462
ACH-000577,0.8357985686297525,-0.26540768645558865,0.8544298144412769,-1.1944422175153597,-0.13409246603800262
ACH-000768,0.8557352423291873,-0.38104868023349137,0.8851352055436877,-1.3754395489668765,-0.14247289428897528
ACH-000667,0.8684428748181912,-0.42709981923414647,0.919909044219991,-1.5482937508597345,-0.14135046917850833
ACH-000905,0.8512905370243542,-0.42703682225793005,0.8903104554487871,-1.4187154978321928,-0.14549157286549008
ACH-001494,0.839398023501289,-0.27458958989302495,0.8363049028291565,-1.473863281621335,-0.14478076534414852
ACH-000387,0.882294247589012,-0.38832214871852905,0.9282052236306391,-1.398458341729643,-0.15019202034240212
ACH-002510,0.8776631038298979,-0.48326557503201306,0.8729804765130144,-1.4255136381387754,-0.14376970475786474
ACH-001303,0.8837025798185708,-0.3837300405266568,0.8976405088164584,-1.432102780948278,-0.14001474629825095
ACH-000026,0.8834530536045083,-0.38988913011921983,0.913954492337236,-1.410749528332269,-0.12286978607276901
ACH-000838,0.8921331132899231,-0.4445075625533112,0.9000096761468094,-1.301765693157229,-0.14144696528271788
ACH-001172,0.8684777143273245,-0.674179909510898,0.8849468928403957,-1.525542066935753,-0.15449700249569975
ACH-000822,0.8430558580908326,-0.30894679023158506,0.8436141152652381,-1.1873475429823195,-0.1421626630973966
ACH-000527,0.8319031348653091,-0.48552893111400236,0.84887049593974,-1.532404298218575,-0.16259680344817792
ACH-000279,0.8762123992243658,-0.49299318708186474,0.9066281605644915,-1.2950691282556368,-0.146858273554423
ACH-000516,0.8397526959816549,-0.2328233288914832,0.8638208870793667,-1.3775152745113797,-0.13720573298587568
ACH-001662,0.845783383625682,-0.36667022385638876,0.8606262699942687,-1.2141618178807698,-0.13621425672837814
ACH-001300,0.8770080582843015,-0.5338576694900152,0.8767839465281242,-1.5326724588953777,-0.14868093697880713
ACH-000524,0.8385019262168246,-0.35072329013939363,0.8567066862174454,-1.385733198994866,-0.14937377869838148
ACH-000411,0.8771844529161298,-0.38308103375073255,0.89604468891188,-1.584741747587258,-0.1513177173706827
ACH-000718,0.8481232803877418,-0.34790489479272746,0.8920864005478186,-1.313670029517291,-0.13506187330373323
ACH-000903,0.8741565543160502,-0.5204578656391353,0.8651256782606753,-1.4415279481810523,-0.1441255515447736
ACH-002021,0.8690574312045241,-0.44350675908768766,0.9159686195115778,-1.437872102265863,-0.1485273223492251
ACH-000433,0.8746835411253729,-0.35030306281926943,0.8835282208543294,-1.3900416611016666,-0.13593248401521443
ACH-000499,0.8892430033791183,-0.4706297690120466,0.9028060825747483,-1.3892765391278064,-0.1416211972065858
ACH-000278,0.8502083151550608,-0.23905647162549526,0.8786224144219247,-1.3601763468620542,-0.13795250967856468
ACH-000202,0.8871322313167641,-0.39694462133097086,0.9005292107985798,-1.381135360264086,-0.1393894085480613
ACH-001736,0.8356215462590213,-0.5873796469768754,0.8518939196582087,-1.4652245494067075,-0.1527065478990553
ACH-001379,0.8600208158220337,-0.458245953959941,0.873922040029475,-1.3589517637368373,-0.1429545808772385
ACH-002070,0.8427956603154138,-0.3703613387700286,0.8907548138830377,-1.5367804965486476,-0.14303699613481763
ACH-000128,0.8544314286270284,-0.4852764681586338,0.8633467558857024,-1.348493823207896,-0.14206867942062773
ACH-000696,0.8725451485512726,-0.5728432334099586,0.9034566173679391,-1.7454957944264753,-0.1733791381937187
ACH-000041,0.8570883335352562,-0.3582665358650534,0.8919784742949438,-1.2883206163376524,-0.1335326486643845
ACH-000747,0.873163157501574,-0.6354355792032081,0.9172979732194029,-1.376058089437385,-0.14800993639267893
ACH-001307,0.8618136381298654,-0.31902087905234583,0.906186035087197,-1.2199545919980654,-0.13832793280138347
ACH-000341,0.8530758264653466,-0.3650504407694358,0.8716749410127203,-1.3432476056768363,-0.14909984069021634
ACH-001740,0.8699852293036052,-0.38216896090038355,0.8922412188967705,-1.3482909229120676,-0.14646263183555605
ACH-000417,0.8445263364718187,-0.36671856601246744,0.8935035838959144,-1.1017147665079376,-0.14860972866240768
ACH-001393,0.8727441417836196,-0.578255781689105,0.8486702741326823,-1.3080047616441381,-0.14985864610177346
ACH-000120,0.8591422952268618,-0.3694175963420632,0.9029839748122455,-1.4414040253895255,-0.14087834606375632
ACH-001694,0.8197884017704749,-0.4348098795852914,0.8261568577829714,-1.4447384001429466,-0.15310592726598632
ACH-001542,0.8734236691464446,-0.45767180141338587,0.880777962203482,-1.4253402330438667,-0.1550612349237036
ACH-000438,0.8819728452705211,-0.3012713677935723,0.9177430759726387,-1.1240716051313606,-0.14119772056967603
ACH-001366,0.8739519114335735,-0.4958967740301644,0.8786700508369867,-1.427107185468687,-0.14930394890413107
ACH-000653,0.87890665459734,-0.5010683242776272,0.9009303987316806,-1.3495405381572643,-0.14232419983445133
ACH-000839,0.8530560526898925,-0.2742436231474281,0.891760388832238,-1.3657640680876917,-0.13968108231590534
ACH-000673,0.8433898151873895,-0.2719926482499213,0.8793689663642251,-1.3672495758298666,-0.14829490415123298
ACH-001524,0.822465394323608,-0.24493242347187902,0.8042016806722689,-1.537516467212725,-0.14698861780497466
ACH-000323,0.8440530213387285,-0.3964731358546677,0.8858713370201933,-1.4405349493415416,-0.1402469878609738
ACH-000021,0.8652580414922859,-0.3465513009191015,0.87457034186571,-1.4072033849795815,-0.14281751230822445
ACH-001863,0.8473844316985548,-0.3867267885129132,0.8724683850510975,-1.315205517811886,-0.14090758122906802
ACH-000980,0.872117344488672,-0.6237199331687654,0.881573639198815,-1.599381316354465,-0.15213346290061752
ACH-000106,0.8591441784435716,-0.41220109864006255,0.8679220846886141,-1.3758106393481409,-0.12521897946043722
ACH-000734,0.8762127130938177,-0.62165143123687,0.9040074134170941,-1.4389811831689259,-0.14611251731904795
ACH-000845,0.8490573558758557,-0.38587547906414577,0.8895274318762049,-1.3280539518045733,-0.1351464116130555
ACH-001982,0.8600440421614556,-0.6985025845803999,0.8809491555701111,-1.4397318968696844,-0.1464650823766532
ACH-001334,0.8328387797006814,-0.6145773807721081,0.8422616876688673,-1.4581996509094448,-0.15412838616067728
ACH-000698,0.8604053059003062,-0.4817147585969579,0.8657047584312734,-1.3945439246273001,-0.14759695967029438
ACH-000802,0.8636306283854743,-0.43826359242517604,0.8966103713407417,-1.2767040931592395,-0.14673374254330493
ACH-001836,0.8298965674609029,-0.4242463882859169,0.8426911597234111,-1.3146207116088375,-0.13863286114730455
ACH-000573,0.8765422760180513,-0.44983526429771764,0.9075875877366004,-1.3979368424867349,-0.14465139396395388
ACH-001699,0.8373836093605913,-0.6598380239604504,0.8360257832096524,-1.4697614333372673,-0.150223332890718
ACH-000963,0.8756772518093003,-0.3797245650006811,0.9200891694144443,-1.5248634568702097,-0.14109050915312882
ACH-001567,0.8609235043649824,-0.46894212433626487,0.8809469226131551,-1.4175996310324557,-0.13454182117540406
ACH-001653,0.855850118548492,-0.44484191462844125,0.8704036441857522,-1.3476618923034793,-0.14272187043483134
ACH-001862,0.832297668766035,-0.43888727497179686,0.8355181576616476,-1.3101346613275626,-0.1412131276480878
ACH-000661,0.8545186843345873,-0.42627447319891165,0.8706835081242416,-1.47369855519449,-0.14825447856465393
ACH-001500,0.8644736817326099,-0.544285653928264,0.8881467201583911,-1.311367585369015,-0.1504330198620591
ACH-001190,0.8538997337759313,-0.35025315391039663,0.9150739480911939,-1.3759758988030883,-0.1443553681790696
ACH-002467,0.8463081733488426,-0.2673245544647043,0.8620285669626574,-1.4717493099802657,-0.137122062267862
ACH-000364,0.8385904374021903,-0.48047997411780796,0.8619511577881818,-1.4735566741758381,-0.14576757654523342
ACH-000448,0.8582964170546616,-0.2993975856901304,0.8945106474830855,-1.444890212292793,-0.1410737716561197
ACH-000932,0.880764134012212,-0.4940255598373156,0.900521023289741,-1.433435641206968,-0.15398865209461296
ACH-000783,0.8703260915280984,-0.31104930924372703,0.8818028894463011,-1.131701390673771,-0.14600305511687875
ACH-002044,0.8783325873702698,-0.6743460245059633,0.9123631383465699,-1.4033579063429145,-0.15238911066081007
ACH-000976,0.8811753029938751,-0.28176894713024614,0.8784370789945738,-1.356005356432974,-0.14172597547421112
ACH-001354,0.8873792465752133,-0.35186562800879895,0.8992958742398643,-1.3918586729718665,-0.14171314557354012
ACH-001645,0.8621921646885569,-0.3571711771841778,0.8934752997744715,-1.4706639011399751,-0.14175719766062914
ACH-000867,0.8646930764793136,-0.4098111780416439,0.8747467454652366,-1.3991085492130522,-0.14362510746414844
ACH-000304,0.840633413662988,-0.43740916647301054,0.867472516021466,-1.3716234918137302,-0.1396695703927083
ACH-002069,0.8646663975759233,-0.3036971014143517,0.9090866461730839,-1.4473426258240634,-0.14199371453421653
ACH-001374,0.8623261869444121,-0.28419597683841336,0.8839398292532248,-1.3886801057222566,-0.137854415136595
ACH-000302,0.8629548674560691,-0.4183073601545166,0.8582139321627676,-1.4173470698565975,-0.14527410871934632
ACH-000305,0.8342248271991736,-0.4179039068488087,0.8555842531875459,-1.3615799003633062,-0.14766692716615
ACH-000766,0.8594740552372573,-0.3033540531251519,0.8919762413379878,-1.3773466925023217,-0.13509968519620252
ACH-000533,0.8736179543370168,-0.5591071940114967,0.910303607714122,-1.5039387550036578,-0.1502919869905148
ACH-000343,0.8538240912380833,-0.4753994436171062,0.8899494607408951,-1.381521802260312,-0.1456803428694348
ACH-000535,0.8512654274682222,-0.4154256436855423,0.8744609269748642,-1.2803478152044991,-0.14481389196816388
ACH-000774,0.8470859418500342,-0.1635638583351979,0.8881102485281094,-1.251331802681542,-0.1417917614744698
ACH-000178,0.8656353125731707,-0.3937280244953815,0.8836867607982075,-1.3722828591428424,-0.14611271474897522
ACH-001306,0.8516935454002745,-0.3096312470518304,0.8721818222417399,-1.4030569392452605,-0.1380607112499572
ACH-000994,0.8651478733147564,-0.668073274583265,0.9036903335293374,-1.3049670586311517,-0.14645808368205873
ACH-001188,0.8653230124687777,-0.42831698838886545,0.8779577375680122,-1.5304137162945854,-0.15394145268487722
ACH-000804,0.8717454091884655,-0.5391556288635059,0.8976628383860188,-1.5273092570386122,-0.15414930405515792
ACH-000011,0.8795513424510315,-0.3424485555052457,0.8902925917931388,-1.5314571493764606,-0.14205023531814862
ACH-001603,0.8695144251261284,-0.4173244621726145,0.9074216046028686,-1.5073684404318968,-0.13868038656190185
ACH-000829,0.8944604552739172,-0.5083645767898243,0.9306771069809676,-1.4174254388972944,-0.1501074157635867
ACH-000141,0.8498178615572067,-0.3476291963799163,0.8963662347135488,-1.293942267252034,-0.14112451288904532
ACH-000810,0.8711807580449448,-0.3354250503945014,0.8933844928582594,-1.312828398228732,-0.12733040935213594
ACH-001145,0.8740686708695878,-0.4620420649042618,0.9119262231021726,-1.3136637218757679,-0.14548503396540233
ACH-000717,0.8303727074190578,-0.2801490360880308,0.8257281300474131,-1.3126114311284063,-0.1341104321907029
ACH-000738,0.8620917264640282,-0.6021883090359592,0.8862688033583672,-1.4606405298565122,-0.15033257169258665
ACH-001843,0.8685238531367172,-0.38767394167818475,0.8876807764735655,-1.4327932966407604,-0.11960611063358201
ACH-002664,0.8411337215689204,-0.533898439162948,0.8531339550877924,-1.4495499179078202,-0.14975847323693692
ACH-001548,0.8709685822956286,-0.3387043815532368,0.8969862524283407,-1.3919599164485725,-0.13771075681976522
ACH-001555,0.8520243638023152,-0.25517525663084095,0.8747966148372547,-1.3689712715801117,-0.13495120212763684
ACH-000969,0.8823491747430509,-0.5080999111912023,0.8952758074000193,-1.3407836803134985,-0.14583859229636595
ACH-000873,0.8500171686590053,-0.487218749053256,0.8864690251654249,-1.4095484898432384,-0.1431080526841819
ACH-001275,0.8649407194766664,-0.5626403447071056,0.8675506695149272,-1.3744929866984872,-0.14819896918933917
ACH-002654,0.8658135904217087,-0.315880924021007,0.8947674375330291,-1.2082938508549004,-0.13064773993956968
ACH-001972,0.8778966227019264,-0.5404902032673954,0.8904965351951232,-1.5337209553262654,-0.155425821141619
ACH-000921,0.860290429681002,-0.5463724582854096,0.8978638045120616,-1.3619560854640382,-0.14817483467673612
ACH-002800,0.8347897922121458,-0.31173478065245736,0.8309822777649588,-1.3002505341039383,-0.13100053396504133
ACH-000082,0.8575064076448554,-0.26155051528563217,0.8911671666009184,-1.4509664864782537,-0.1416069401234578
ACH-000488,0.8607176060046992,-0.7028314655864607,0.8962731948403808,-1.4179863164933557,-0.15703354131155453
ACH-000790,0.8887769072434164,-0.5600422951390827,0.8930845323071656,-1.3732250775291412,-0.14296983727050344
ACH-000172,0.8584241619214837,-0.42607345919489237,0.8567483680806248,-1.4719734269568057,-0.13583641648049402
ACH-000647,0.8499324239070594,-0.4026925221863835,0.879053375114439,-1.4746453153327683,-0.14232315897307654
ACH-000602,0.878923917417181,-0.42629378826752223,0.9197892088633505,-1.352378001803384,-0.14837139169548952
ACH-003012,0.8563592147990702,-0.3903359657840648,0.8836778289703836,-1.4279751979790087,-0.13989744685143662
ACH-002001,0.8741079045510444,-0.5664172424301664,0.8997372553981735,-1.5592159502714449,-0.1467205907759628
ACH-000315,0.8686286855335686,-0.38784259686905714,0.9077565481462736,-1.2685247776944006,-0.14301743507296666
ACH-002446,0.8795949703048112,-0.45637122829550997,0.8867213493014566,-1.3957704743259187,-0.1489378047079448
ACH-000435,0.8748721766658147,-0.2955757082783903,0.8980454183444858,-1.2522110608667925,-0.1362344664511832
ACH-000965,0.8540673400631131,-0.6955559094627911,0.8767288669232086,-1.4711334754299101,-0.15868465858794092
ACH-001550,0.850712389494413,-0.3143042462973702,0.8705160363525393,-1.5288718080905614,-0.14231333840044233
ACH-002026,0.8704871065567958,-0.5365039244762585,0.8942776756406726,-1.3988035556665603,-0.14610799502880237
ACH-000450,0.8788912749942092,-0.5299636466125306,0.8894857500130255,-1.399451947449502,-0.1432300152525802
ACH-002672,0.8412206634070281,-0.39080929320971447,0.8397912929565094,-1.4038618631544078,-0.14867770125533353
ACH-000835,0.8705253986298971,-0.4175358293083822,0.9034253559705547,-1.5190713709322727,-0.14948610759351064
ACH-001802,0.8565148940470894,-0.35428127871911863,0.8709559288728778,-1.3398976520300285,-0.14831632928339372
ACH-000910,0.8766606048013238,-0.6082748886862089,0.87421381307173,-1.388355191551135,-0.15283760070786392
ACH-001196,0.8686751382124129,-0.42661607396023166,0.8933681178405818,-1.4473189940231213,-0.15282445152258825
ACH-001484,0.879162144330984,-0.48833894720586646,0.8943364768405146,-1.3892759258685947,-0.1421213101201118
ACH-000693,0.8831451476724383,-0.6428422406529343,0.9184613437934962,-1.4335185121640344,-0.1550694930199132
ACH-000811,0.8354150201598347,-0.2238789869442703,0.848779689023528,-1.4054551481879116,-0.1371069614055626
ACH-000290,0.8643396594767545,-0.49702467629697833,0.8484440011611376,-1.4748971967412612,-0.14964741691707242
ACH-001497,0.8773630446341194,-0.35797756479668363,0.8824541685584775,-1.3535079748206476,-0.13834227380592615
ACH-000817,0.8890662948778388,-0.5045781102526098,0.9107688070799622,-1.4090262800719058,-0.14637419221844203
ACH-001556,0.8428047625295114,-0.39597534082398905,0.8903499043550105,-1.4263897382025383,-0.14398958743336737
ACH-000378,0.861990346631145,-0.3959937683072865,0.891996337950592,-1.3613941962255236,-0.14048466150406255
ACH-000913,0.8456926753541546,-0.42630420074958425,0.8794389323488474,-1.4803203577021216,-0.15448417561893799
ACH-000634,0.8593519600205648,-0.4061463862509118,0.8456453617762428,-1.3404607334658882,-0.14052784732251888
ACH-002291,0.8418929717724647,-0.35005923466275707,0.8573229823373105,-1.3201203813000173,-0.14815865649520574
ACH-001322,0.8591432368352167,-0.5212085425479225,0.8429345520316187,-1.3705829866257468,-0.14355503292261623
ACH-000767,0.8597637567411311,-0.370673238207477,0.8650192406457713,-1.3822875312581921,-0.1394088767882225
ACH-001642,0.8574348454098791,-0.41097675278221846,0.8952147732432211,-1.2912264172974883,-0.13844374886640567
ACH-001552,0.8493366996878257,-0.3020801399188903,0.8818445713094805,-1.4222371340187405,-0.13918744037560152
ACH-000879,0.86975798782061,-0.572689512499051,0.8881407656065083,-1.5294252112458533,-0.14024411654022517
ACH-001842,0.8424968565974419,-0.2675584912342029,0.8425854664274921,-1.432855355239853,-0.13823368829638844
ACH-002662,0.8732818001542982,-0.5566705743337313,0.891319751992914,-1.5508823275322485,-0.1567573119317557
ACH-000189,0.8294521283173646,-0.254971394219464,0.8313998407157371,-1.362096358780453,-0.13543530884587118
ACH-000454,0.85795775191633,-0.4960886051214349,0.8903372509322595,-1.3752918824484932,-0.14255765994727904
ACH-000660,0.8695156806039349,-0.5716275020134951,0.9196120609448386,-1.4789472514450743,-0.15804682386802818
ACH-001197,0.8662630514764734,-0.4388896751953202,0.8822732990450388,-1.3703414537612593,-0.14043322866150684
ACH-000915,0.8700997916534581,-0.6667644374880316,0.8952787846759609,-1.333390340028093,-0.14043317445586817
ACH-000480,0.8681205308913452,-0.5118370622660848,0.8829290440711272,-1.4960114160420375,-0.14601635762238147
ACH-000161,0.8689212118625074,-0.4601788352225764,0.8854865241047704,-1.4211095078443223,-0.14059500563119484
ACH-000395,0.8675505439671466,-0.4601087731261301,0.8846536311601699,-1.2783889305098617,-0.143016707741369
ACH-001459,0.8858842863769988,-0.39503573923920027,0.8738193240094976,-1.4057734968225701,-0.14465878611048802
ACH-000916,0.8375873106347133,-0.29892317189400275,0.8478567334817009,-1.2942062939445769,-0.12957223364894882
ACH-001609,0.8581649057544196,-0.4387824474130047,0.856448407529531,-1.4411679477414454,-0.14469334767174202
ACH-001960,0.8463100565655527,-0.41262636862178576,0.8683619772089527,-1.4982598067050716,-0.14571050649554426
ACH-001856,0.8793049549314854,-0.422890891135782,0.8924615373164324,-1.5334418587859922,-0.1444186517912291
ACH-000295,0.8709221296167843,-0.41073417424952996,0.9081331735528579,-1.3730782972892774,-0.14181644531889748
ACH-000292,0.864775624145098,-0.6823362452821421,0.8660746849669896,-1.5505526469923647,-0.1519338466293584
ACH-000137,0.8569069169922019,-0.40113670664656303,0.887915236953949,-1.4431648415664078,-0.14651676435982255
ACH-000308,0.856012075185544,-0.32908721238621097,0.9077319856197572,-1.3325729734984686,-0.14294109912341624
ACH-000445,0.8423060239708378,-0.31453241730478015,0.8641476431139328,-1.3875636011012502,-0.1377772782358007
ACH-001229,0.8532286808883006,-0.5341963788159876,0.8453007420860285,-1.4575638513836247,-0.1450578062857753
ACH-000144,0.8379262896424964,-0.410559639163667,0.8547186102075905,-0.9108686878527911,-0.13721134047501166
ACH-000837,0.8620314635293116,-0.4626887839857943,0.898173441209965,-1.3676005742614745,-0.15077413637512166
ACH-000048,0.8718577744521566,-0.670443526241217,0.915607624803686,-1.4241886349189499,-0.14878533332855057
ACH-000463,0.8966459282657648,-0.3911978170576617,0.9184717642592911,-1.468335625069496,-0.14142104338682
ACH-000881,0.8810434778241816,-0.47007004810253117,0.9033449695201375,-1.404728287158787,-0.15073652977968774
ACH-001992,0.8374096605250784,-0.4325462001180968,0.8672886692320861,-1.4174909546559102,-0.14763128330259825
ACH-000147,0.8574474001879451,-0.5302505100341255,0.8386562065038591,-1.4057109687310252,-0.15099637330005117
ACH-000899,0.8688154378573011,-0.46779261739907696,0.8955095235614176,-1.317586889755989,-0.1397391587982469
ACH-000366,0.8772428326341367,-0.3915192510207956,0.9017030018384679,-1.3343368709441097,-0.14262682000688268
ACH-001526,0.863965840959838,-0.2722759564194905,0.8707899457391459,-1.3774771639753518,-0.14172106269488632
ACH-001329,0.8424036373703012,-0.28684772221517013,0.8482363361642266,-1.5684988185757234,-0.14465676171233563
ACH-001280,0.8684202762176724,-0.3567527601162896,0.8701215472903067,-1.342356453676497,-0.14799207731589462
ACH-002922,0.8572499763028564,-0.5086311698894806,0.846173083936852,-1.3800102400484342,-0.14637711778442974
ACH-000861,0.8609379423597583,-0.4051542958643526,0.8936978511510894,-1.4414249917280115,-0.15167475563633243
ACH-000133,0.8418468329630718,-0.3660020170261363,0.8603672469873689,-1.3661903493136778,-0.14319448759973927
ACH-001530,0.8639237824533167,-0.414151254697526,0.8982657367641477,-1.3597981676392592,-0.1384264150732632
ACH-000651,0.8850286782517975,-0.5118166125458372,0.9149295502080371,-1.4217923336143827,-0.1429854562499762
ACH-000563,0.8566282009191354,-0.5035237970428776,0.8912773258107495,-1.2266343294221695,-0.14154850644933345
ACH-000316,0.8459911652026749,-0.32677622416998586,0.8726485102455508,-1.48829826330514,-0.13758906297359313
ACH-000884,0.8754396526344006,-0.5000565105895023,0.8890384143028336,-1.3980191158849928,-0.14506325116343727
ACH-001451,0.8406996401172866,-0.38107094357937793,0.8427067904221033,-1.395873935043624,-0.13854999434646215
ACH-000355,0.8969654473675455,-0.45546670843439996,0.9288959516490388,-1.2667009909765552,-0.14305449731903902
ACH-002926,0.8757732958615059,-0.49903012397382485,0.8900246369584148,-1.378446512472802,-0.1484845896876495
ACH-000962,0.8725492288541442,-0.41387035337741657,0.8946922613155094,-1.3641329600546015,-0.13144181628693583
ACH-000473,0.8541389022980894,-0.34484819909373104,0.8699280243541172,-1.42358431881248,-0.13983189104635205
ACH-000192,0.856216090329117,-0.42488726609273664,0.8683121078369346,-1.1933605035556938,-0.14249547756258776
ACH-001624,0.8723232428489553,-0.40498430135536734,0.8551711561506801,-1.3729193093144982,-0.13493924900001547
ACH-001344,0.8445778110618893,-0.35496877673555677,0.8490156381418821,-1.3687136606044978,-0.13489732226250026
ACH-000757,0.8760777492296073,-0.4533414462008057,0.9022247694471944,-1.4308581299756054,-0.1397247741832633
ACH-000054,0.8748756292297832,-0.46157028139525097,0.916083244635321,-1.4721696789423424,-0.14518370524834495
ACH-001318,0.8585308775350452,-0.49629339734271427,0.8804474845739889,-1.4855588173046954,-0.14587161220454228
ACH-000601,0.8956440569760936,-0.5721752670017796,0.9098346867533551,-1.461393922068445,-0.1627094130841873
ACH-001857,0.8729877044781009,-0.5279892585601639,0.8826007993985902,-1.3361042034376862,-0.13887207970360868
ACH-000966,0.8700068862957693,-0.43928736277788827,0.9115808590929728,-1.418505498333868,-0.1320650514122702
ACH-000630,0.8249164008715528,-0.47320446681945827,0.8409434987458225,-1.413608342127875,-0.15474341815552917
ACH-000657,0.8814464862001017,-0.6102557223475332,0.9082031395374801,-1.495963360224504,-0.15473518949975176
ACH-000624,0.8284417825524993,-0.4303845087498105,0.8280139336514057,-1.369815595476815,-0.15656871503945805
ACH-000699,0.8487569828106253,-0.3638188519560453,0.9001883127032921,-1.1815786970130622,-0.149216784701807
ACH-000740,0.8535811562825052,-0.45452490744178703,0.8758096329763082,-1.379776176623138,-0.1455990679095748
ACH-000101,0.8490378959698536,-0.5951299580975774,0.879087613787765,-1.3286295125077494,-0.1427772693593345
ACH-001416,0.8438107141220538,-0.35143994288374736,0.837062619556237,-1.4671271465550955,-0.14169031788636327
ACH-000319,0.8546768745382195,-0.3311892916576871,0.8885791694888762,-1.3614960452507607,-0.14112199795019528
ACH-000198,0.8687438756223244,-0.6620758133025492,0.9027815200482319,-1.553522078039238,-0.16066639348555067
ACH-000280,0.8468508536307476,-0.40244247903934255,0.8908686946877954,-1.6165450567211246,-0.14316228014000712
ACH-001835,0.8406710779971863,-0.4772067429640213,0.8731821869580427,-1.3568549173712157,-0.1454936600652931
ACH-000493,0.8588981047934772,-0.3572175098830459,0.8863008090747371,-1.4056219581558451,-0.139185549635211
ACH-000042,0.844569964325598,-0.20173077847334198,0.8742197676236128,-1.3057544051151413,-0.13875306488295505
ACH-002045,0.8717008397263312,-0.439828424603265,0.8858787802100468,-1.3983297183048342,-0.14521205945713234
ACH-000221,0.8815456689468236,-0.6780700727134128,0.913409650839964,-1.3736910503074935,-0.1465904205381839
ACH-000477,0.8573265604490593,-0.343698724796552,0.8571979367477726,-1.5104375567984427,-0.13899310929832806
ACH-000746,0.865221946505346,-0.603836186305425,0.901231847920745,-1.2923750199943518,-0.13598281323553602
ACH-000356,0.8754619373654678,-0.42685300287466943,0.9053114602794173,-1.3408606094092799,-0.14287902159122437
ACH-000244,0.8302333493825245,-0.297354424986749,0.8534875066058311,-1.1997334971410123,-0.14071642691989808
ACH-000255,0.8606739781509197,-0.38335092888771766,0.893448504290999,-1.4816112057796975,-0.145202155014265
ACH-001038,0.8736794727495405,-0.5712554706963439,0.8933777939873911,-1.3820211133860414,-0.14499492255638774
ACH-000352,0.8543181217549822,-0.4222937002744969,0.8519177378657398,-1.4221554843811313,-0.14773519804764298
ACH-002016,0.8611149647304895,-0.339616609684122,0.8653311103006305,-1.4917191089370765,-0.14714870554399379
ACH-000416,0.874049524833037,-0.360317266794524,0.8976338099455904,-1.4781469993215215,-0.14990836566924726
ACH-000862,0.8456958140486711,-0.48975145753412014,0.8327865069854337,-1.3928720798819048,-0.14374219389499807
ACH-000401,0.8557123298592172,-0.38498042559766465,0.8686202558968672,-1.4420384195849878,-0.14318072939035795
ACH-000593,0.8793743200803003,-0.39511135596128283,0.896282126668205,-1.4726697334452006,-0.1394917269227305
ACH-000182,0.8247786121822779,-0.5750011100219962,0.8449159291706054,-1.3771409890972104,-0.14263356974129993
ACH-000442,0.8407931732138788,-0.33054316693284674,0.8659213552560084,-1.3359895969956708,-0.13780199821810502
ACH-000159,0.8356071082642453,-0.3179586362966243,0.8675789536363704,-1.4569169002446651,-0.14065450823785608
ACH-000907,0.8251838176443594,-0.27451306696037325,0.8252525102157781,-1.3468258796597161,-0.13511785005071988
ACH-000191,0.8616551340567816,-0.342523109833123,0.9082567305044249,-1.461542333745099,-0.14821071084033083
ACH-000103,0.8691029422750136,-0.43393927832763884,0.8523531644721661,-0.9782279847754833,-0.13707986279330542
ACH-000739,0.86768990200368,-0.5050236478177577,0.8871686850116486,-1.4451481960761599,-0.1480868662780948
ACH-001558,0.8460941143828162,-0.4407673523634455,0.8905627795848188,-1.4050814902469875,-0.13053998122102856
ACH-000206,0.8714698318099156,-0.3950940475522455,0.911472932840098,-1.47294188653178,-0.15340110252248915
ACH-000841,0.8680251145780432,-0.36676623202420267,0.9037476460912088,-1.3300386379437907,-0.14409877254073103
ACH-001613,0.8614941190280841,-0.577726454006144,0.8859070643314899,-1.3377704169942348,-0.1418086160866396
ACH-001608,0.8720291471727581,-0.43674817396815285,0.8546084509977596,-1.4349464815361197,-0.14716702288934344
ACH-000801,0.8681155089801191,-0.38796424378565536,0.8716645205469256,-1.4119117356089506,-0.13469077472486957
ACH-000464,0.847944060930849,-0.2916757927795159,0.8641134044406069,-1.2375318283804524,-0.14187320050293456
ACH-000622,0.8538212664130183,-0.28778216805637125,0.8599586158644149,-1.3433149019206314,-0.13984051773712303
ACH-000452,0.8346017844106064,-0.332301557561665,0.8665637025403606,-1.3789391906500879,-0.14931227877086578
ACH-001390,0.897900150594563,-0.32499043923037185,0.9067569277489561,-1.3599409881792348,-0.1291074913607648
ACH-001401,0.8699017400294661,-0.5448556111173632,0.8939159366137953,-1.4439790391992833,-0.14347573237595632
ACH-000365,0.8734484648331248,-0.6074225094507811,0.8719503390372979,-1.338804870162281,-0.15429437110809024
ACH-001431,0.8844677935416967,-0.4354973711918034,0.8922940655447299,-1.3706388986955405,-0.14643626312581323
ACH-000475,0.8799000514118162,-0.5235915232763984,0.9052712670542087,-1.4742019109461175,-0.14779311345717644
ACH-000860,0.8559753524597009,-0.4812345313558012,0.9007919554004064,-1.2916085862198226,-0.14099147945670443
ACH-000074,0.8812500039233682,-0.5934872662000754,0.9254624081696451,-1.3901976175034947,-0.13711470125372796
ACH-000377,0.8699139809380805,-0.4661340285491655,0.9189689693415011,-1.459134336783868,-0.1349609362749107
ACH-001562,0.8447149720122611,-0.5466279170456779,0.8816696563479245,-1.4301344310226611,-0.148713870741209
ACH-000259,0.8754983462218594,-0.6544835988248094,0.9162246652425364,-1.3368089431707555,-0.15718227848360614
ACH-001388,0.8436572319601964,-0.23076423850326344,0.8464641126601217,-1.504327186793121,-0.14242749091156523
ACH-002025,0.8720690085931179,-0.5021888726932107,0.898895430625749,-1.4262161401040974,-0.14925452945305395
ACH-000720,0.8333139780504815,-0.4068978628883288,0.8759607297303332,-1.3429446991318916,-0.14438764831919343
ACH-000095,0.8774327236523858,-0.39272251500660343,0.9190061852907684,-1.5244509612076034,-0.1450806474362057
ACH-001345,0.9026885429489542,-0.533928160564279,0.9027926848330119,-1.5135714398007594,-0.15047635729844672
ACH-000558,0.8368293159089752,-0.40631756041272477,0.8493059225461663,-1.7288201606510947,-0.14444794030811495
ACH-000664,0.8771875916106463,-0.6956378381685572,0.9127204114595351,-1.4042489382518397,-0.15592995456209466
ACH-000335,0.8737300057312563,-0.4435848402052957,0.9237876904526203,-1.3331025641489367,-0.13279405176263562
ACH-000631,0.8494748022465519,-0.33233101250412755,0.8787057781482832,-1.3373859569480975,-0.14176241777495732
ACH-000207,0.8700075140346725,-0.4498973551684384,0.9115086601513944,-1.2525721106643586,-0.14387636346401972
ACH-000764,0.8519129401469787,-0.3184311581970971,0.8914135361850676,-1.420974233472346,-0.13989444854002878
ACH-000995,0.8594627559369977,-0.526847520793059,0.8531317221308363,-1.4196192922428923,-0.14028698720626626
ACH-000953,0.8774926727176513,-0.4160770762945769,0.9217534666656743,-1.3345606504244127,-0.14216809567001915
ACH-000709,0.873264851203909,-0.24339903811735772,0.889607818326622,-1.3231779891415212,-0.12191551445518721
ACH-000846,0.8567443326162463,-0.5593429422832957,0.8950018980134125,-1.4291714767450863,-0.14900621943535802
ACH-001702,0.8657307288864728,-0.3599756635566893,0.8835602265706992,-1.4622211701199102,-0.1395490203496375
ACH-002059,0.870881012718618,-0.5189727913080912,0.9131044800559727,-1.3733200110336168,-0.14868014252442258
ACH-000929,0.8431537853597478,-0.3391926315740376,0.8699764050881647,-1.3124667224532913,-0.13933097949110973
ACH-000948,0.8630914006675374,-0.5446704502916855,0.881915281613088,-1.3588983713216292,-0.15558054685883074
ACH-002015,0.867719405732135,-0.38677203704804347,0.879976330656266,-1.4349437600108312,-0.14504818053536186
ACH-000311,0.8808934482262923,-0.373096595752654,0.885146370328468,-1.5167186397848884,-0.14663311146161706
ACH-001834,0.8341636226561013,-0.2659060270765706,0.8421269659325201,-1.3099439853208559,-0.13826848457839447
ACH-000390,0.8527249204184004,-0.3421433843965886,0.87110107107502,-1.3069585505184909,-0.1393090467223626
ACH-000468,0.8354727721389388,-0.21000906302946945,0.870013621037432,-1.3529024831127983,-0.1374676287684585
ACH-001061,0.8753740539190055,-0.6604962064898386,0.8913443145194304,-1.4985097980014614,-0.1522038059314413
ACH-000077,0.8760124643836642,-0.4366358130507905,0.9214281992690786,-1.5707966578266683,-0.14533142791739628
ACH-000456,0.8422372865609261,-0.4222313575165178,0.85845658015199,-1.5191076687167522,-0.15072284654902462
ACH-000496,0.8750118485717995,-0.28948303501885125,0.9003505742420974,-1.5226834915810257,-0.14343708139651437
ACH-002512,0.8764700860441713,-0.35973024761344247,0.8958749841832216,-1.3726997408368375,-0.14242803136080276
ACH-002464,0.8381792684205271,-0.1772344081108773,0.8488027629120736,-1.5740080767003795,-0.13848669986731318
ACH-002004,0.8721267605722217,-0.402194713995589,0.8849543360302491,-1.3901713672988736,-0.1439188905932561
ACH-000878,0.852820964470606,-0.3337017354350777,0.89253224762004,-1.2054572281126337,-0.1279353754657491
ACH-001380,0.8708129030476097,-0.5441972844041193,0.8892118406264189,-1.3417037643855687,-0.15100683618591404
ACH-002061,0.8765877870885406,-0.5324346186521541,0.9069965984622369,-1.3840811437346667,-0.13699522234677125
ACH-000385,0.8663860883015205,-0.3683224538782515,0.8644505809409679,-1.4839546663907444,-0.14239511856059808
ACH-000427,0.8632276200095542,-0.44868752538481027,0.8960484105068068,-1.1157324604986398,-0.1450736488596744
ACH-000938,0.8513432670922317,-0.589499412507084,0.8777210441306725,-1.421193307366568,-0.14930267428926722
ACH-000939,0.8691346430896304,-0.47427590332413944,0.9132094290329064,-1.3498204388758699,-0.14505743856285305
ACH-000325,0.859525215957876,-0.6321671344406928,0.8920953323756429,-1.2754753365240277,-0.14081991137510047
ACH-000515,0.8466863860380826,-0.44073604613597894,0.8533378984897768,-1.4292232957298332,-0.15355452038234266
ACH-001033,0.8827707014166182,-0.4117469130445564,0.8987450781907095,-1.440479477788634,-0.12893797636797008
ACH-000919,0.8775061691040724,-0.4147139627461824,0.8919807072518999,-1.4547916119374362,-0.14341119084631632
ACH-000863,0.8743637081541402,-0.3713438135993595,0.8364924712134633,-1.6982758125021749,-0.1416325959289629
ACH-000581,0.8661397007819743,-0.29716159697198796,0.8964161040855668,-1.1120192642358617,-0.1465818885887539
ACH-001050,0.8640449360616538,-0.3046471430327418,0.8878035891061473,-1.504784891242283,-0.14886047456403007
ACH-001533,0.860391181774982,-0.47136651674396485,0.8765509746857113,-1.3181047215825779,-0.1501301572710569
ACH-000827,0.8509098133795012,-0.3612438427709723,0.889531897790117,-1.490452009837313,-0.1484338627513238
ACH-000961,0.8701154851260406,-0.43556696044264726,0.8990844876480264,-1.318781520315485,-0.15060827120156778
ACH-000778,0.8591994194670624,-0.29430988129429153,0.9040825896346137,-1.3278546981003878,-0.14440725539777896
ACH-000190,0.8637599425995547,-0.468301471750375,0.9022902695179046,-1.3760449869450633,-0.14191776868673087
ACH-001819,0.8663380662754181,-0.3880873137554846,0.8729499594346153,-1.2911745341354948,-0.15249025360677196
ACH-001786,0.8706798224001094,-0.3916468536775651,0.8963342289971792,-1.5171419335225096,-0.15748339986632803
ACH-000253,0.841356255010141,-0.4073172610758127,0.852205789313068,-1.4543790292868293,-0.1484679335651765
ACH-000958,0.8682203413769704,-0.4701808408682411,0.9180683433692344,-1.4665052176157793,-0.14767187465770487
ACH-000228,0.8424604477410501,-0.290916338078238,0.8490268029266621,-1.2319600696154658,-0.14079162195651343
ACH-000266,0.8298171584896351,-0.19457784064866868,0.8702004451027533,-1.3927625171683977,-0.14594751595413774
ACH-001750,0.8453336087014657,-0.49891594232819186,0.8710846960573423,-1.3707005895899491,-0.14427144828900285
ACH-000174,0.873911108404859,-0.3436155108147495,0.887618997997782,-1.4574489246127242,-0.14225113367164854
ACH-001279,0.8664705191840147,-0.5553785327999922,0.9078637300801632,-1.4558881818720226,-0.14646458860304998
ACH-000620,0.8451499950722497,-0.5004259631468616,0.8659823894128067,-1.380602076237082,-0.15163999317978116
ACH-001513,0.8525268687944086,-0.36242414189291206,0.8771374980461627,-1.2522258187882367,-0.13670077813743056
ACH-000168,0.8697419804785756,-0.29714507193254214,0.874460182655879,-1.268798351726891,-0.14085987077697573
ACH-000257,0.864432878703895,-0.4603765067848227,0.8541008254497549,-1.2005924432312438,-0.12787530820495013
ACH-000211,0.8611196727722645,-0.31269255950012487,0.9109623300161517,-1.393468912217608,-0.14651020358053307
ACH-002041,0.860579189576521,-0.3138736220417108,0.8785159768070204,-1.5792310130526017,-0.1418283382791374
ACH-000682,0.818657844005627,-0.4213576216199738,0.8264240682987101,-1.510225678205152,-0.14673038445071848
ACH-000212,0.8716685111728107,-0.3917936795018717,0.8889371869208268,-1.2536890400980902,-0.13966255457837837
ACH-000096,0.8804910675892754,-0.449249476649896,0.9092995214028926,-1.3699706571019163,-0.13866717404256568
ACH-002500,0.8737667284570995,-0.5453119391604196,0.9156426077959969,-1.445173339905818,-0.15715240993959603
ACH-001999,0.8426437475008147,-0.37932421601605654,0.8207151416811188,-1.431060842662999,-0.14155938369018797
ACH-000776,0.8493407799906969,-0.4092822559796145,0.8750206548518433,-1.4906960983110862,-0.14571296789296037
ACH-000521,0.8571520490339412,-0.307770182140153,0.8859293939010502,-1.3133422327331374,-0.13785091673035468
ACH-000025,0.8703694055124265,-0.4401338414065643,0.9122931723619475,-1.4538696387584666,-0.148314812175111
ACH-000591,0.8516856986639835,-0.3556262904805567,0.8489575812610253,-1.4752460788248856,-0.13820629867567763
ACH-000833,0.8724048489063847,-0.44574623827322446,0.8825085038444076,-1.445743473819039,-0.13991416086381453
ACH-001628,0.8664504315391092,-0.4130023792134919,0.8719659697359902,-1.3950348734488158,-0.1364324160609904
ACH-000398,0.8677037122595526,-0.5726819406702581,0.8778453454012252,-1.2807979640143183,-0.1458424106333322
ACH-000274,0.8555670083031025,-0.33392096827014345,0.8698498708606559,-1.4471071296430782,-0.14133818544607035
ACH-001370,0.837735143146441,-0.3084575906897452,0.8538656206503858,-1.402755313635522,-0.1392684708314204
ACH-000029,0.8556570888357262,-0.49689297826674717,0.8703202804593937,-1.3760190468917468,-0.15167925971703733
ACH-001849,0.8714224375227164,-0.5695614334703326,0.9249123564394757,-1.353226022928353,-0.14520538766010002
ACH-001422,0.8538479453164086,-0.3116169546093703,0.8537055920685369,-1.2394677438398387,-0.14179405084775365
ACH-000588,0.8737601371986147,-0.5430634380025329,0.8906133932758222,-1.3629121980106946,-0.14751724424912283
ACH-000849,0.8479067104661024,-0.5976959840058808,0.8809186384917121,-1.3851732151041476,-0.14664330435658107
ACH-000219,0.8790522900229063,-0.6490471617125221,0.9122611666455775,-1.7127938890511292,-0.16821135501705048
ACH-001053,0.8563695724909747,-0.3841418659343222,0.883618283451556,-1.350761466078405,-0.1361640524000262
ACH-001274,0.8499412122517059,-0.4683749288863968,0.8547744341314913,-1.6427934938339754,-0.1500581751885095
ACH-002014,0.8836131270248504,-0.3320348534610304,0.8991194706403377,-1.4396173773768233,-0.1307500623644584
ACH-001634,0.8795246635476415,-0.40812390463634146,0.8858289108380287,-1.4350642497565071,-0.14218288490257572
ACH-002531,0.8426098496000363,-0.38888008042929983,0.8725294192078958,-1.3764966247634727,-0.14109616019888244
ACH-000495,0.8521649773166546,-0.15771094641458347,0.8531793585458983,-1.3561166909640163,-0.1399231638060119
ACH-000911,0.8665552639359605,-0.5873500862777737,0.9005262335226386,-1.4517115856538192,-0.1548369079892954
ACH-000013,0.8616554479262333,-0.5180514014445267,0.8843052898750288,-1.3446594906965104,-0.15360518886750735
ACH-000777,0.8269135521924097,-0.3884392459223482,0.809367998749544,-1.4805621352760852,-0.14669034111283288
ACH-001765,0.8579800366473971,-0.48963949893895325,0.8698669901973188,-1.4121154270721104,-0.14794961862851466
ACH-000312,0.8682733853142995,-0.5299009149334655,0.9020699510982427,-1.3990657890812541,-0.14553944878253927
ACH-000085,0.855145481629535,-0.2960638567770759,0.8884712432360011,-1.3427693545011057,-0.1384599192926778
ACH-000436,0.8534223383399698,-0.3771013574850178,0.881971105536989,-1.330907084143761,-0.14371966102076625
ACH-000869,0.8354529983634844,-0.3483036688834083,0.8809632976308326,-1.211890413622754,-0.14066302676249198
ACH-000489,0.8570315231645069,-0.3726128545778515,0.8919412583456766,-1.3248378350323873,-0.14515637199883288
ACH-000431,0.8552951973579724,-0.49926974436287197,0.8743574666359014,-1.3800355350523565,-0.1432568307355318
ACH-000152,0.8503608557085635,-0.31673868840003555,0.8919539117684274,-1.4042488833934013,-0.13951819111264394
ACH-000460,0.8589087763548333,-0.47154885276043534,0.9046929312025961,-1.4581571814925083,-0.15280483861188368
ACH-001570,0.885299233719121,-0.47353944343779947,0.8843499490141494,-1.4381804435157763,-0.14782797445589535
ACH-000986,0.8941434471277492,-0.4717885297472471,0.9082753384790586,-1.341087564431837,-0.15006042529334482
ACH-001335,0.8404984497987783,-0.5752125913257001,0.8474882955839556,-1.4965971283223902,-0.1462567889531657
ACH-000023,0.867719405732135,-0.4807850109183987,0.90791062217624,-1.5466673554540793,-0.14670140952539307
ACH-002062,0.8768476709945079,-0.42065897606679425,0.8853979501455141,-1.3773789346275156,-0.13546595380783688
ACH-002462,0.8465997580694268,-0.3320753545067413,0.8606285029512248,-1.5772789352282897,-0.14683522105575347
ACH-000151,0.8739384150471525,-0.43344326512284775,0.9206168915750534,-1.3264164364740927,-0.14594881277007857
ACH-001277,0.8702956461912882,-0.37415548451437314,0.8928322081711338,-1.359525598519319,-0.13998120453027904
ACH-000607,0.8683521665466637,-0.42156421207448846,0.8860611383614562,-1.4486041819065816,-0.1426318944088531
ACH-002647,0.8557063663396355,-0.4777403778300476,0.8829915668658961,-1.3316870373023846,-0.1517934850918818
ACH-001211,0.8645647038735885,-0.40828388994553766,0.8977945828464247,-1.4602641278996176,-0.1479827088599187
ACH-001511,0.8556213077182383,-0.3036756924021828,0.8609798215123073,-1.4058934559321634,-0.1392422748217415
ACH-000113,0.8628757723542533,-0.7353588449058702,0.8872371623583002,-1.5609784659749433,-0.16873999893704472
ACH-000337,0.8549333058802187,-0.35687180014658343,0.9002724207486359,-1.3897699813452429,-0.14364410983520365
ACH-000281,0.8447388260905864,-0.27986872517274997,0.8466613571912379,-1.4267767883560465,-0.13563310378307827
ACH-000985,0.8779863893650985,-0.4015701006818374,0.9012660865940708,-1.320621094554191,-0.1345598489218859
ACH-000444,0.8739286850941517,-0.4540578998825934,0.9200995898802392,-1.4994056326645597,-0.1458606266165926
ACH-001399,0.8625157640932091,-0.44235259574160685,0.8911969393603323,-1.298750295827665,-0.1414422540866188
ACH-000127,0.8554857161151248,-0.5844269366820483,0.8644208081815542,-1.4328706145386456,-0.1507869366529723
ACH-001961,0.8526747013061362,-0.34878450450826054,0.8656742413528742,-1.4267671133941626,-0.14023290220312096
ACH-001796,0.8656048672363605,-0.27294761723619526,0.8750720128618321,-1.3446796147947275,-0.13926333190449725
ACH-000307,0.8645709812626217,-0.39525587592112965,0.9014067628823008,-1.5073344955032657,-0.14418471100767424
ACH-002485,0.8628908380879323,-0.4962034286018148,0.90486338025024,-1.3081392537064864,-0.14720955086882082
ACH-000595,0.8419218477620167,-0.34683414864340717,0.875063081034008,-1.553715170756393,-0.15203522319287935
ACH-000771,0.8282346287144094,-0.3617344399643316,0.8356171520866983,-1.3240046335979878,-0.15137715291962114
ACH-000500,0.8580610149659232,-0.3586129133885226,0.8960603196105724,-1.3926469864538569,-0.14022600073051475
ACH-000363,0.8733320192665625,-0.41497611193513384,0.897929304582772,-1.4262403589552715,-0.14284949702508962
ACH-000350,0.8221807147309603,-0.27753242818353807,0.8391161956368022,-1.2290275809217266,-0.12996570943641048
ACH-000053,0.8400053608902343,-0.45498907286285856,0.8467000617784759,-1.4721152414752277,-0.15016330732368946
ACH-001543,0.8453471050878866,-0.3518682661463537,0.8624840901816883,-1.4505465229080805,-0.1406893593555481
ACH-000663,0.863476204615262,-0.3858091277951777,0.8782755617747542,-1.4690029016233332,-0.14233725217332727
ACH-000346,0.8603710941300761,-0.5883335786713126,0.8885933115495975,-1.3867227090023604,-0.1413742668633524
ACH-000970,0.8560230606163518,-0.359021330059355,0.9089072652976159,-1.3355122558948,-0.14229959521894572
ACH-001333,0.8929997068459322,-0.49321426994291984,0.9109675402490491,-1.5087846001005862,-0.13994586538455364
ACH-000794,0.8332866714081878,-0.38061032980556664,0.8319446822130092,-1.3716290047409627,-0.14953005741304476
ACH-000039,0.8693578042697545,-0.35992060906312023,0.9039761520197095,-1.3021720949245303,-0.13988424792593784
ACH-000471,0.8582075919998443,-0.31407286446031296,0.87475418865509,-1.4814356412894152,-0.14270000333804836
ACH-000291,0.8662872194242504,-0.3487948477634316,0.8601402296968389,-1.36367197368131,-0.14805596792509557
ACH-001453,0.8651855376489547,-0.3128264222184123,0.8988842658409688,-1.353163326133282,-0.14232898092184293
ACH-001458,0.8813316099807976,-0.4930616768849139,0.8918973435255412,-1.303313627913838,-0.1372163130960556
ACH-000886,0.8513077998441951,-0.4352166692653905,0.8815386562065038,-1.4332011345265216,-0.14618082145501116
ACH-000888,0.8558272060785215,-0.5488873229225149,0.8757902806826895,-1.3356595507313282,-0.1489532049656182
ACH-000030,0.8514236176718546,-0.4438269577400992,0.8801415694710125,-1.4367736369596165,-0.15351667363881252
ACH-000271,0.8720671253764082,-0.562353913000942,0.88529151253061,-1.4126313327294393,-0.16041247641430373
ACH-000549,0.8157856246535664,-0.41815007393396847,0.825326197795327,-1.3747535209558686,-0.14096773603321439
ACH-000478,0.8319043903431157,-0.2644148355807236,0.8658677642890636,-1.3636345122838684,-0.1423497749457264
ACH-000775,0.8466575100485306,-0.4663171476505572,0.8579318352673221,-1.4632465649782265,-0.14976447219762856
ACH-001442,0.8592665875297156,-0.3065414132072435,0.8642801318933241,-1.4188023812548165,-0.14442388481358573
ACH-000559,0.8449538266649675,-0.39541813008354126,0.8580107330797688,-1.3958265868764217,-0.1409543734007892
ACH-000510,0.8787054642788317,-0.44355389914889937,0.9052556363555165,-1.5599764778378253,-0.14827315154783
ACH-000676,0.8741606346189216,-0.5054893448661171,0.8844623411809365,-1.4252217057399195,-0.14914640831937276
ACH-002659,0.8643980391947617,-0.5143892527492494,0.8823440093486464,-1.3903597283536577,-0.14497744291236297
ACH-002465,0.8348987049118686,-0.37770363635823895,0.8519489992631241,-1.4321978606834445,-0.14987217378638754
ACH-000272,0.8622163326363338,-0.3371087034401093,0.880667802993651,-1.4681423692020352,-0.14070662899822153
ACH-000959,0.8827223655210641,-0.5044723416152611,0.90035652879398,-1.5121311882574293,-0.14926947518553899
ACH-000169,0.8452526303829396,-0.5131647593749773,0.8919881504417534,-1.4261449519052316,-0.14870269254630272
ACH-001402,0.8419573150100531,-0.7491523640980712,0.855199440272123,-1.4238242850913907,-0.14632405167866466
ACH-000796,0.8612166584328248,-0.35944571843905837,0.8975095086750378,-1.2303347127193067,-0.14431479034581066
ACH-000143,0.8808736744508384,-0.4373646339982309,0.9239573951812788,-1.384724112546905,-0.1438660477775294
ACH-000067,0.8423766445974593,-0.3214270271542273,0.8688405743165291,-1.505888716581889,-0.15034283824111364
ACH-001674,0.8705690264836767,-0.49974033473722984,0.9101726075727014,-1.224577541863454,-0.15161689735515832
ACH-001698,0.8714086272668436,-0.39103706520547304,0.8864645592515128,-1.4841369471522246,-0.14377973373804778
ACH-002002,0.8783978722162133,-0.6253307531386464,0.9008961600583547,-1.4362390758616197,-0.15296003794611818
ACH-000469,0.8330355758468667,-0.4498407092383107,0.8675744877224583,-1.3716824056834032,-0.14406935034792773
ACH-001353,0.838679890195911,-0.21706182960820117,0.8283421783239425,-1.3756170546370194,-0.14323203126666945
ACH-001574,0.884265975484285,-0.5810168524474166,0.8953881995668065,-1.466737357264742,-0.14781065506698537
ACH-000097,0.8595352597803292,-0.4164753594424098,0.8470372382788368,-1.4177437607660712,-0.14664673531343045
ACH-000256,0.8497171094632269,-0.31683503916568795,0.8726976352985836,-1.2560603736870037,-0.1307771253115765
ACH-000977,0.8745426137415813,-0.6048422874142935,0.8812937752603255,-1.512113664874195,-0.15272926594307035
ACH-000972,0.88060594380858,-0.40275825669811016,0.9270634383071209,-1.4158351002773724,-0.1439673051743344
ACH-001367,0.874539161177613,-0.483577018882945,0.8741207731985619,-1.3221810248917967,-0.1435460897495146
ACH-000579,0.8850851747530948,-0.4679242774735788,0.8914589396431734,-1.4196815852082696,-0.1379099491057805
ACH-002035,0.8612207387356963,-0.5488146358720212,0.8856703708941503,-1.3112499998765577,-0.146107747563757
ACH-001532,0.8856554755467448,-0.589579089394871,0.9138659183779799,-1.4992795885219115,-0.15630137148883375
ACH-000695,0.8589407910389018,-0.3891149147654663,0.8373796994439936,-1.401584246183028,-0.13746341712412094
ACH-001795,0.8472243582782129,-0.2994016370960996,0.8566516066125298,-1.4712886411419508,-0.14775694771308823
ACH-001510,0.880720192288981,-0.34174751335185455,0.9103050963520927,-1.4005579504847376,-0.14025659143229396
ACH-000502,0.8522302621625982,-0.37741932722999083,0.8445184628324315,-1.339833083842612,-0.15283266341301247
ACH-000183,0.8836407475365958,-0.6040257409744078,0.8829327656660537,-1.3776435355628334,-0.15665549057616604
ACH-000408,0.8279700367666674,-0.46997308850555286,0.8237333551666902,-1.400755376217121,-0.14505668393210533
ACH-001496,0.8593990404383123,-0.41100202680540654,0.8761274571830503,-1.3988289294243592,-0.1521681117700195
ACH-000788,0.8801994828686913,-0.3765937286094986,0.8984190664751286,-1.4262689651636418,-0.1526798774734297
ACH-001622,0.8573479035717718,-0.31462000576779964,0.8523866588265068,-1.381270505926898,-0.1428443993786265
ACH-000466,0.8406908517726405,-0.3538341227637006,0.8502214348981401,-1.3898629615833538,-0.15169530600003098
ACH-001560,0.8495981529410509,-0.4121237715878749,0.8955125008373589,-1.3582549650091862,-0.13600737167605179
ACH-000005,0.8698584260451381,-0.35334290786981504,0.924897470059769,-1.4460857735705062,-0.1420535781709955
ACH-001687,0.8460347930564543,-0.33893985415616296,0.8414459140609298,-1.5061408385015715,-0.14249501770020068
ACH-001151,0.8538984782981244,-0.28492548757644753,0.8682644714218725,-1.4629846243513256,-0.155578263375478
ACH-000701,0.8549584154363509,-0.3352729641562658,0.8538455240377818,-1.512672535297729,-0.13584025878189332
ACH-000542,0.8823523134375674,-0.37210735112790705,0.9227463881921236,-1.5307992584604777,-0.14566151509900094
ACH-001685,0.8684811668912924,-0.3370162521221159,0.8945046929312026,-1.3846816559563215,-0.14330660879957074
ACH-000015,0.8746634534804671,-0.5672329123787399,0.8980067137572478,-1.3220362906937932,-0.145922151196853
ACH-001111,0.8992180884220465,-0.44001942247652753,0.916087710549233,-1.3747643159191498,-0.14020108117417698
ACH-000487,0.865395830181561,-0.6557768297092585,0.8775751576095452,-1.3361981969180772,-0.1525358682125087
ACH-000288,0.8623808002289991,-0.45228166778211154,0.9163958586091655,-1.3271455169522606,-0.1402589134009108
ACH-001820,0.8632687369077205,-0.4500839816444663,0.8887339878378278,-1.1649552854833771,-0.14502576905441236
ACH-000782,0.862389902443097,-0.51883519422553,0.9073888545675135,-1.305319705248607,-0.147092278981186
ACH-001632,0.8679654793822298,-0.2791224753339876,0.8734992668457995,-1.064254842993048,-0.14090660581935183
ACH-001031,0.8764999036420784,-0.5122922952924518,0.8919516788114715,-1.4980831575750075,-0.14979232766931078
ACH-001048,0.8445614898504036,-0.4190604434774934,0.8666038957655694,-1.396436470166902,-0.13794131450538044
ACH-000791,0.8250843210281861,-0.2585805670472213,0.8537524841646136,-1.357176056677152,-0.138961745651604
ACH-000567,0.8816370049572543,-0.5554765786382628,0.9187382304560442,-1.392095773107213,-0.15313474172793057
ACH-001391,0.8708863484992961,-0.2579520937590678,0.899844437332063,-1.3649069562211376,-0.13332734369177052
ACH-001075,0.8497299781107444,-0.3696721033897203,0.8865776957372852,-1.427927932494339,-0.143299623370229
ACH-000557,0.8667868995912793,-0.300021627383404,0.8997655395196166,-1.324533902772011,-0.14017822708547403
ACH-001356,0.846532903876225,-0.2406966052264324,0.8584312733064883,-1.2842610894888427,-0.13706395473005378
ACH-001844,0.8495840288157268,-0.4450055340620031,0.849125797351713,-1.4280178976364166,-0.14338119477738237
ACH-001346,0.8542575449508136,-0.3445446776425501,0.8634703128372695,-1.4241316164039552,-0.14881598562897982
ACH-000885,0.8635138689494603,-0.6550881983249309,0.8582705004056539,-1.4651300844521442,-0.1537131930629018
ACH-000900,0.8816730999441942,-0.6363129077510177,0.9303570498172697,-1.434178980188403,-0.16108518493709004
ACH-000666,0.8596589243442796,-0.4266091183404743,0.886810667579698,-1.2358643746054607,-0.1422161101620838
ACH-000217,0.853599988449604,-0.5617709750182455,0.8880574018801497,-1.3958651470749441,-0.14887751551367479
ACH-000872,0.8593635731902758,-0.32554863791251337,0.8865575991246809,-1.3451814615913529,-0.14147925517753818
ACH-002020,0.8539599967106483,-0.42711957349933033,0.8408102656474459,-1.4569141908010157,-0.14520746160015083
ACH-001228,0.8577970507570845,-0.31441640311301233,0.8670973792528525,-1.4029723641101013,-0.13943633107548103
ACH-000181,0.8270469467093612,-0.3415421553673043,0.8562571175502974,-1.2591867167155184,-0.1451620828106167
ACH-000115,0.8616174697225834,-0.3093016291185434,0.875933934246861,-1.2022400951969545,-0.14761836490703284
ACH-001711,0.891270286167334,-0.41364970268946116,0.9011350864526503,-1.3397524691901506,-0.11716678477785811
ACH-000934,0.8650063181920618,-0.3160052327051039,0.8806960871150941,-0.7947898990860705,-0.1427533677069891
ACH-000996,0.8664714607923697,-0.3859484141220871,0.909158100795677,-1.3673356463490594,-0.14502677106758355
ACH-001529,0.8741534156215338,-0.6653711205413618,0.8969646671777656,-1.3976001327886916,-0.14924310799051863
ACH-000320,0.8764700860441715,-0.3262001149935575,0.9110717449069974,-1.473322841211329,-0.148023103816822
ACH-000505,0.8344596015490087,-0.22093113463564648,0.8829230895192445,-1.4732956786902767,-0.14404592186203846
ACH-000781,0.8660493063798991,-0.47248162383517606,0.8931120721096234,-1.6138195443884233,-0.15497806381927923
ACH-000920,0.8518529910817133,-0.3972450218196058,0.869482177281896,-1.3761386319778652,-0.13985323545504025
ACH-000294,0.8849972913066322,-0.3062828303696258,0.9171744162678357,-1.3934426988145945,-0.15002546700236447
ACH-000422,0.8471330222677822,-0.3778614046813822,0.8740910004391481,-1.4056439791795552,-0.1484202587440277
ACH-000200,0.8432083986443354,-0.3227351109929112,0.8544238598893942,-1.6717448255797698,-0.14329425880498864
ACH-000968,0.8703179309223557,-0.6150158178910553,0.8515679079426278,-1.442151970227483,-0.15069413306366886
ACH-000114,0.8280610589076464,-0.24369672805988069,0.8275018421894887,-1.3183770059968358,-0.1455581833647071
ACH-000402,0.8849084662518149,-0.4738867692313228,0.9266763924347418,-1.3679827879981084,-0.13729280839578178
ACH-001578,0.8736678595798292,-0.5069291631186419,0.9045068514562601,-1.5241769784131638,-0.13554733443909836
ACH-000036,0.8375973544571662,-0.2552890547096044,0.8301084472761647,-1.4332371206193952,-0.14215849703929395
ACH-000973,0.8847477650925695,-0.47310620553872273,0.9136954693303363,-1.5195111043609606,-0.1466629745349517
ACH-001128,0.8680043991942343,-0.41442894797224145,0.8894738409092601,-1.4402294458532876,-0.13977475830004052
ACH-002669,0.8635038251270073,-0.4136013775323465,0.8873220147226295,-1.4357905242263718,-0.14314672499264158
ACH-001858,0.8453857110304397,-0.4252435644762222,0.8544298144412769,-1.514680370949272,-0.15269214663151132
ACH-001997,0.8572104287519484,-0.2254787876793342,0.8644580241308215,-1.4259435472916029,-0.14220020943583914
ACH-000052,0.8619737115502075,-0.34462585729353434,0.8731553914745704,-1.3340552163341262,-0.1403983026980355
